id,title,body,source,timestamp,commodities,created_at,archived_date
55,Nickel price hits 4-year low as gloom offsets potential Indonesia cuts,Indonesia is now considering deep cuts to nickel mining quotas as it seeks to boost slumping prices of the metal.,https://www.mining.com/web/nickel-price-hits-4-year-low-as-gloom-offsets-potential-indonesia-cuts/,2024-12-20 00:00:00,"[""Nickel""]",2025-07-01 10:07:56,2025-07-01
56,Indonesia weighs deep cuts to nickel mining to boost prices,Indonesia is considering deep cuts to nickel mining quotas as it seeks to boost slumping prices of the battery metal.,https://www.mining.com/web/indonesia-weighs-deep-cuts-to-nickel-mining-to-boost-prices/,2024-12-19 00:00:00,"[""Nickel""]",2025-07-01 10:07:56,2025-07-01
57,Coal miner jumps by limit in biggest Indonesian IPO of 2024,Shares of PT Adaro Andalan Indonesia gained 20% in their first day of trading.,https://www.mining.com/web/coal-miner-jumps-by-limit-in-biggest-indonesian-ipo-of-2024/,2024-12-05 00:00:00,"[""Coal""]",2025-07-01 10:07:56,2025-07-01
58,Freeport Indonesia sees output ramping up at Manyar smelter in Q3 next year,Freeport was forced to stop copper cathode output at the newly operated smelter after the fire broke at its gas cleaning unit.,https://www.mining.com/web/freeport-indonesia-sees-output-ramping-up-at-manyar-smelter-in-q3-next-year/,2024-12-04 00:00:00,"[""Copper""]",2025-07-01 10:07:56,2025-07-01
59,Indonesia to review compliance in move that could affect mine output,"Indonesia said it will check miners' compliance with environmental rules and ""re-examine"" production quotas for those found to be in breach.",https://www.mining.com/web/indonesia-to-review-compliance-in-move-that-could-affect-mine-output/,2024-11-29 00:00:00,[],2025-07-01 10:07:56,2025-07-01
60,"Indonesia curbing nickel supply to support locals, Eramet says",The French miner was this year given a sales quota by the Asian nation that was 29% less than it expected.,https://www.mining.com/web/indonesia-curbing-nickel-supply-to-support-locals-eramet-says/,2024-11-22 00:00:00,"[""Nickel""]",2025-07-01 10:07:56,2025-07-01
61,Indonesia’s Jan-Oct nickel ore imports surge by 50 times from year ago,The world's biggest nickel producer has bought record volumes of the ore from the Philippines since April.,https://www.mining.com/web/indonesias-jan-oct-nickel-ore-imports-surge-by-50-times-from-year-ago/,2024-11-15 00:00:00,"[""Nickel""]",2025-07-01 10:07:56,2025-07-01
62,PT Vale and China’s GEM partner for $1.4 billion Indonesian nickel plant,"The plant will process nickel laterite ore from the Vale unit into 66,000 tons of mixed hydroxide precipitate annually.",https://www.mining.com/pt-vale-and-chinas-gem-partner-for-1-4-billion-indonesian-nickel-plant/,2024-11-12 00:00:00,"[""Nickel""]",2025-07-01 10:07:56,2025-07-01
63,"China, Indonesia seal $10 billion in deals focused on green energy and tech","The countries agreed to enhance collaboration in sectors such as new energy vehicles, lithium batteries, photovoltaics and the digital economy.",https://www.mining.com/web/china-indonesia-seal-10-billion-in-deals-focused-on-green-energy-and-tech/,2024-11-10 00:00:00,[],2025-07-01 10:07:56,2025-07-01
64,Huayou seeks $2.7 billion for Ford-backed Indonesia nickel plant,The fundraising comes as benchmark nickel prices trade near a four-year low amid weaker demand from the stainless steel market.,https://www.mining.com/web/huayou-seeks-2-7-billion-for-ford-backed-indonesia-nickel-plant/,2024-11-07 00:00:00,"[""Nickel""]",2025-07-01 10:07:56,2025-07-01
65,Freeport probed by SEC over quake risk at Indonesia copper plant,Officials are investigating if the miner failed to disclose the threats that an earthquake could pose to its new copper smelter complex.,https://www.mining.com/web/freeport-faces-sec-probe-on-earthquake-risk-at-indonesia-copper-plant/,2024-10-31 00:00:00,"[""Copper""]",2025-07-01 10:07:56,2025-07-01
66,Indonesia controls nickel ore supply to balance weak demand,Nickel smelters in the country responsible for more than half of world production are enduring a shortage of ore due to government licensing issues.,https://www.mining.com/web/indonesia-controls-nickel-ore-supply-to-balance-weak-demand/,2024-10-18 00:00:00,"[""Nickel""]",2025-07-01 10:07:56,2025-07-01
67,Indonesia looks to next phase for nickel industry as fixer-in-chief bows out,"The new administration will have to navigate institutional hold-ups, cut red tape and protectionist measures and campaign for continued disclosure.",https://www.mining.com/web/indonesias-fixer-in-chief-bows-out-as-prabowo-takes-the-helm/,2024-10-17 00:00:00,"[""Nickel""]",2025-07-01 10:07:56,2025-07-01
68,Indonesia forms $1.2 billion battery venture with China’s CATL,"The project in Karawang, West Java, aims to scale up battery production to 15 gigawatts a year.",https://www.mining.com/web/indonesia-forms-1-2-billion-battery-venture-with-chinas-catl/,2024-10-17 00:00:00,[],2025-07-01 10:07:56,2025-07-01
69,Freeport to delay Indonesian copper sales to second quarter of 2025 after fire,The miner is investigating the cause of the fire at a sulphuric acid unit at Freeport's Manyar site.,https://www.mining.com/web/freeport-to-delay-indonesian-copper-sales-to-second-quarter-of-2025-after-fire-sources-say/,2024-10-16 00:00:00,"[""Copper""]",2025-07-01 10:07:56,2025-07-01
70,"Eramet cuts targets for Gabon and Indonesia mines on market, permit setbacks",The Moanda mine in Gabon and the Weda Bay mine in Indonesia are each the world's biggest for their respective minerals.,https://www.mining.com/web/eramet-cuts-targets-on-gabon-manganese-and-indonesia-nickel-activities/,2024-10-15 00:00:00,[],2025-07-01 10:07:56,2025-07-01
71,Freeport Indonesia halts copper cathode output at Manyar after fire,The $3.7 billion copper smelter was completed in June and started output in September.,https://www.mining.com/web/freeport-indonesia-halts-copper-cathode-output-at-manyar-after-fire/,2024-10-15 00:00:00,"[""Copper""]",2025-07-01 10:07:56,2025-07-01
72,"Fire at Freeport Indonesia’s Gresik smelter under control, company says",The $3.7 billion copper smelter was completed in June and was expected to produce first batch of output in September.,https://www.mining.com/web/fire-at-freeport-indonesias-gresik-smelter-no-casualties-company-says/,2024-10-14 00:00:00,"[""Copper""]",2025-07-01 10:07:56,2025-07-01
73,Tsingshan cuts Indonesian nickel output due to tight ore supplies,Delays to issuing quotas has slowed the rapid expansion of nickel production in the world's top producer of the metal.,https://www.mining.com/web/tsingshan-cuts-indonesian-nickel-output-due-to-tight-ore-supplies/,2024-09-30 00:00:00,"[""Nickel""]",2025-07-01 10:07:56,2025-07-01
74,"Indonesia gold mine collapses after landslide, killing 15",The illegal gold mine in the district of Solok collapsed after a landslide on Thursday evening due to heavy rain.,https://www.mining.com/web/indonesia-gold-mine-collapses-after-landslide-killing-15/,2024-09-27 00:00:00,"[""Gold""]",2025-07-01 10:07:56,2025-07-01
75,Indonesia launches $941 million smelter-grade alumina refinery,The production capacity of the refinery is 1 million metric tons of alumina per year.,https://www.mining.com/web/indonesia-launches-941-million-smelter-grade-alumina-refinery/,2024-09-24 00:00:00,[],2025-07-01 10:07:56,2025-07-01
76,Indonesia President inaugurates production of Freeport Indonesia’s copper smelter,The new $3.7 billion smelter has annual input capacity of 1.7 million metric tons of copper concentrate.,https://www.mining.com/web/indonesia-president-inaugurates-production-of-freeport-indonesias-copper-smelter/,2024-09-23 00:00:00,"[""Copper""]",2025-07-01 10:07:56,2025-07-01
77,"Indonesia, Britain sign collaboration agreement on critical minerals","Indonesia has rich deposits of tin, copper and bauxite, among others, and is the world's largest source of nickel ore.",https://www.mining.com/web/indonesia-britain-sign-collaboration-agreement-on-critical-minerals/,2024-09-18 00:00:00,"[""Copper"", ""Nickel"", ""Tin"", ""Bauxite""]",2025-07-01 10:07:56,2025-07-01
78,Nickel flowing to Europe shows Indonesia’s grip on global supply,That’s a headache for European stainless-steel producers trying to source the metal without sacrificing their green credentials.,https://www.mining.com/web/nickel-flowing-to-europe-shows-indonesias-grip-on-global-supply/,2024-09-13 00:00:00,"[""Nickel""]",2025-07-01 10:07:56,2025-07-01
79,Indonesia’s Adaro plans $2.5 billion coal sale in green turn,"The company, which is one of country’s biggest coal miners, aims to offload its 99.9% stake.",https://www.mining.com/web/adaro-energy-indonesia-plans-2-5-billion-coal-sale-in-green-turn/,2024-09-12 00:00:00,"[""Coal""]",2025-07-01 10:07:56,2025-07-01
80,Indonesia sees nickel price holding near current levels on new plants,"An additional 928,000 tons a year of capacity is set to come online within the next three years.",https://www.mining.com/web/indonesia-sees-nickel-holding-near-current-levels-on-new-plants/,2024-09-05 00:00:00,"[""Nickel""]",2025-07-01 10:07:56,2025-07-01
81,Founder of Indonesian gold miner J Resources said to consider sale,Shares of J Resources have climbed about 160% this year.,https://www.mining.com/web/founder-of-indonesian-gold-miner-j-resources-said-to-consider-sale/,2024-09-03 00:00:00,"[""Gold""]",2025-07-01 10:07:56,2025-07-01
82,Indonesia to name new energy minister in latest cabinet shuffle,This represents Indonesia's fourth cabinet reshuffle in the past 12 months.,https://www.mining.com/web/indonesia-to-name-new-energy-minister-in-latest-cabinet-shuffle/,2024-08-18 00:00:00,[],2025-07-01 10:07:56,2025-07-01
83,Eramet seeks more nickel mines in Indonesia,"The company wants to mine the battery metal on the island of Sulawesi, according to local newspaper.",https://www.mining.com/web/eramet-seeks-more-nickel-mines-in-indonesia-says-jakarta-post/,2024-08-06 00:00:00,"[""Nickel""]",2025-07-01 10:07:56,2025-07-01
84,Indonesia launches new phase of industrial park in bid to lure investors away from China,"Batang industrial park already hosts nearly 20 companies in 10% of its total area of 4,300 hectares.",https://www.mining.com/web/indonesia-launches-new-phase-of-industrial-park-in-bid-to-lure-investors-away-from-china/,2024-07-26 00:00:00,[],2025-07-01 10:07:56,2025-07-01
85,Indonesia trying to cut China stakes in new nickel projects,The strategy could help the industry qualify for US government subsidies.,https://www.mining.com/web/indonesia-trying-to-cut-china-stakes-in-new-nickel-projects-ft-reports/,2024-07-26 00:00:00,"[""Nickel""]",2025-07-01 10:07:56,2025-07-01
86,"Indonesia launches nickel, tin online tracking system","The system, known as SIMBARA, was first implemented in 2022 to track coal, with a plan to widen its use to other minerals.",https://www.mining.com/web/indonesia-launches-nickel-tin-online-tracking-system/,2024-07-22 00:00:00,"[""Coal"", ""Nickel"", ""Tin""]",2025-07-01 10:07:56,2025-07-01
87,"Freeport Indonesia to process 400,000t of copper concentrate at new smelter","Earlier this month, Freeport obtained an export permit for the rest of the year from the government.",https://www.mining.com/web/freeport-indonesia-to-process-400000t-of-copper-concentrate-at-new-smelter/,2024-07-17 00:00:00,"[""Copper""]",2025-07-01 10:07:56,2025-07-01
88,US approaches Indonesia for multinational critical mineral partnership,Jakarta has asked Washington for a critical mineral trade deal similar to the US deal with Japan.,https://www.mining.com/web/us-approaches-indonesia-for-multinational-critical-mineral-partnership/,2024-07-15 00:00:00,[],2025-07-01 10:07:56,2025-07-01
89,Indonesian onslaught wipes out Australia’s nickel industry,BHP’s Nickel West suspension could mark the death knell for Australia’s nickel sector and has widespread ramifications.,https://www.mining.com/indonesian-onslaught-wipes-out-australias-nickel-industry/,2024-07-14 00:00:00,"[""Nickel""]",2025-07-01 10:07:56,2025-07-01
90,Indonesia considers reopening bauxite exports,Indonesia banned exports of bauxite in mid 2023 to encourage domestic processing of the minerals.,https://www.mining.com/web/indonesia-considers-reopening-bauxite-exports-bisnis-com-reports/,2024-07-10 00:00:00,"[""Bauxite""]",2025-07-01 10:07:56,2025-07-01
91,Indonesian group to buy Hillside copper project in Australia for $265 million,Hillside represents the largest permitted and shovel-ready copper project in Australia.,https://www.mining.com/indonesian-group-to-buy-hillside-copper-project-in-australia-for-265-million/,2024-07-08 00:00:00,"[""Copper""]",2025-07-01 10:07:56,2025-07-01
92,Indonesia says US must invest amid critical minerals race,Indonesia is in the market for a wide-ranging critical minerals pact to boost its economy as the US-China rivalry intensifies.,https://www.mining.com/web/indonesia-says-us-must-invest-as-critical-minerals-race-picks-up/,2024-07-08 00:00:00,[],2025-07-01 10:07:56,2025-07-01
93,Indonesia mine landslide kills 10 and dozen still missing,The incident affected small-scale gold miners and it was triggered by ongoing heavy rain on the island of Sulawesi.,https://www.mining.com/indonesia-mine-landslide-kills-10-and-dozen-still-missing/,2024-07-08 00:00:00,"[""Gold""]",2025-07-01 10:07:56,2025-07-01
94,"Indonesia gold mine landslide kills at least 12, more missing",Heavy rains since Saturday triggered the catastrophe in the Gorontalo province on the island of Sulawesi.,https://www.mining.com/web/indonesia-gold-mine-landslide-kills-at-least-12-more-missing/,2024-07-08 00:00:00,"[""Gold""]",2025-07-01 10:07:56,2025-07-01
95,Eramet and Huayou explore EV nickel partnership in Indonesia,Eramet is in talks for an ore supply agreement to a high-pressure acid leach plant run by the Chinese firm.,https://www.mining.com/web/eramet-and-huayou-explore-ev-nickel-partnership-in-indonesia/,2024-07-05 00:00:00,"[""Nickel""]",2025-07-01 10:07:56,2025-07-01
96,Indonesian miner seeks M&A targets in shift from dirtiest coal,PT Delta Dunia aims to increase the contribution of lower-emission coal to 28% of revenue by the end of this year.,https://www.mining.com/web/indonesian-miner-seeks-ma-targets-in-shift-from-dirtiest-coal/,2024-07-03 00:00:00,"[""Coal""]",2025-07-01 10:07:56,2025-07-01
97,Freeport Indonesia secures copper concentrate export permit,PT Freeport Indonesia has secured an export permit for copper concentrate for the rest of year.,https://www.mining.com/web/freeport-indonesia-secures-copper-concentrate-export-permit/,2024-07-03 00:00:00,"[""Copper""]",2025-07-01 10:07:56,2025-07-01
98,Freeport-McMoRan begins operations at new Indonesia copper smelter,PT Freeport Indonesia has received approval from the government to export copper concentrates through 2024.,https://www.mining.com/freeport-mcmoran-begins-operations-at-new-indonesia-copper-smelter/,2024-07-02 00:00:00,"[""Copper""]",2025-07-01 10:07:56,2025-07-01
99,Freeport McMoran sees lower sales in Q2 on Indonesian permit delays,The company expects copper sales to be 5% below April 2024 guidance of 975 million pounds.,https://www.mining.com/web/freeport-mcmoran-sees-lower-sales-in-q2-on-indonesian-permit-delays/,2024-07-02 00:00:00,"[""Copper""]",2025-07-01 10:07:56,2025-07-01
100,Indonesia’s Delta Dunia eyes more deals as it completes US coal buy,The Jakarta-listed company has been diversifying beyond its home base of Indonesia where it runs its BUMA coal mining services business.,https://www.mining.com/web/indonesias-delta-dunia-eyes-more-deals-as-it-completes-us-coal-buy/,2024-07-02 00:00:00,"[""Coal""]",2025-07-01 10:07:56,2025-07-01
54,Indonesian prosecutors name five tin mining firms accused of illegal mining,The companies allegedly colluded with former executives at PT Timah to accommodate illegal tin mining.,https://www.mining.com/web/indonesian-prosecutors-name-five-tin-mining-firms-accused-of-illegal-mining/,2025-01-02 00:00:00,"[""Tin""]",2025-07-01 10:07:56,2025-07-04
52,Indonesia reviews nickel ore mining quota to steady prices,Indonesia last year approved annual nickel ore mining quotas of 240 million metric tons each year until 2026.,https://www.mining.com/web/indonesia-reviews-nickel-ore-mining-quota-to-steady-prices/,2025-01-03 00:00:00,"[""Nickel""]",2025-07-01 10:07:56,2025-07-05
53,Freeport Indonesia in talks with government on copper concentrate exports,Freeport's Manyar smelter is currently shut down after a fire in October.,https://www.mining.com/web/freeport-indonesia-in-talks-with-government-on-copper-concentrate-exports/,2025-01-03 00:00:00,"[""Copper""]",2025-07-01 10:07:56,2025-07-05
51,"Indonesia nickel move may cut global supply by 35%, Macquarie says","Indonesian mine output remains the key swing factor for prices, according to Macquarie.",https://www.mining.com/web/indonesia-nickel-move-may-cut-global-supply-by-35-macquarie-says/,2025-01-09 00:00:00,"[""Nickel""]",2025-07-01 10:07:56,2025-07-11
49,Indonesia’s coal production hits record as energy needs rise,Indonesia is the world’s biggest exporter of coal and relies on it for the majority of its power needs.,https://www.mining.com/web/indonesias-coal-production-hits-record-as-energy-needs-rise/,2025-01-10 00:00:00,"[""Coal""]",2025-07-01 10:07:56,2025-07-12
50,Indonesia sets 2025 nickel ore mining quota at around 200 million tonnes,The country's nickel ore output last year was 215 million tonnes.,https://www.mining.com/web/indonesia-sets-2025-nickel-ore-mining-quota-at-around-200-million-tonnes/,2025-01-10 00:00:00,"[""Nickel""]",2025-07-01 10:07:56,2025-07-12
48,Vale Indonesia awards Petrosea $1 billion contract for nickel ore mining,"The contract will be signed in March is effective for 10 years, Vale said on Wednesday.",https://www.mining.com/web/vale-indonesia-awards-petrosea-1-billion-contract-for-nickel-ore-mining/,2025-01-15 00:00:00,"[""Nickel""]",2025-07-01 10:07:56,2025-07-17
47,Will Indonesia shut the nickel spigot to spur prices?,Indonesia’s clout in the global nickel market rivals OPEC’s in oil.,https://www.mining.com/will-indonesia-shut-the-nickel-spigot-to-spur-prices/,2025-01-16 00:00:00,"[""Nickel""]",2025-07-01 10:07:56,2025-07-18
46,Indonesia pressures commodity firms with earnings rule,Indonesia plans to force commodity firms to keep their export earnings onshore for at least a year.,https://www.mining.com/web/indonesia-pressures-commodity-firms-with-earnings-rule/,2025-01-22 00:00:00,[],2025-07-01 10:07:56,2025-07-24
43,Indonesian parliament proposes revision of mining law,Purpose is to help the government accelerate development of its mineral processing industry.,https://www.mining.com/web/indonesian-parliament-proposes-revision-of-mining-law/,2025-01-23 00:00:00,[],2025-07-01 10:07:56,2025-07-25
44,Column: Only Indonesia can help nickel recover from price bust,"Nickel ended 2024 trading at four-year lows, a spectacular reversal of fortune for a metal that soared so high in 2022 it almost broke the London Metal Exchange.",https://www.mining.com/web/column-only-indonesia-can-help-nickel-recover-from-price-bust/,2025-01-23 00:00:00,"[""Nickel""]",2025-07-01 10:07:56,2025-07-25
45,Indonesia approves 2025 nickel mining quota,The quota was higher than last year's 271.89 million wet metric tons.,https://www.mining.com/web/indonesia-approves-2025-nickel-mining-quota-at-298-5-million-wet-tonnes/,2025-01-23 00:00:00,"[""Nickel""]",2025-07-01 10:07:56,2025-07-25
42,Indonesia says coal climate plan ‘certain’ to be scrapped by US,"The US will exit the Just Energy Transition Partnership with Indonesia, says Indonesia’s special envoy for climate and energy.",https://www.mining.com/web/indonesia-says-coal-climate-plan-certain-to-be-scrapped-by-us/,2025-01-31 00:00:00,"[""Coal""]",2025-07-01 10:07:56,2025-08-02
41,Indonesia’s 2024 coal output hits record high,"Indonesia produced a record 836 million metric tons of coal in 2024, nearly 18% above its target of 710 million tons.",https://www.mining.com/web/indonesias-2024-coal-output-hits-record-high/,2025-02-03 00:00:00,"[""Coal""]",2025-07-01 10:07:56,2025-08-05
40,"Indonesia says Eramet exploring new mining areas in South Sulawesi, Papua","Eramet's main operation in Indonesia is its Weda Bay Nickel mine, located in Halmahera, North Maluku.",https://www.mining.com/web/indonesia-says-eramet-exploring-new-mining-areas-in-south-sulawesi-papua/,2025-02-04 00:00:00,"[""Nickel""]",2025-07-01 10:07:56,2025-08-06
39,"Chinese firms control around 75% of Indonesian nickel capacity, report finds","According to the report, Indonesia's 8-million-tonne refining capacity was distributed across 33 companies, but ownership tracing showed shareholder overlap.",https://www.mining.com/web/chinese-firms-control-around-75-of-indonesian-nickel-capacity-report-finds/,2025-02-05 00:00:00,"[""Nickel""]",2025-07-01 10:07:56,2025-08-07
38,Indonesia trade ministry supports extending Freeport’s copper export permit,Resource-rich country has banned exports of copper concentrate.,https://www.mining.com/web/indonesia-trade-ministry-supports-extending-freeports-copper-export-permit/,2025-02-07 00:00:00,"[""Copper""]",2025-07-01 10:07:56,2025-08-09
37,Freeport set to resume copper concentrate exports from Indonesia this month,Indonesia has restricted raw material exports to pressure companies to refine minerals locally.,https://www.mining.com/web/freeport-set-to-resume-copper-concentrate-exports-from-indonesia-this-month-sources-say/,2025-02-13 00:00:00,"[""Copper""]",2025-07-01 10:07:56,2025-08-15
36,Freeport Indonesia reduces copper ore mining to 60% capacity,Freeport Indonesia was forced to adjust upstream production as its concentrate storage facilities are full.,https://www.mining.com/web/freeport-indonesia-reduces-copper-ore-mining-to-60-capacity/,2025-02-14 00:00:00,"[""Copper""]",2025-07-01 10:07:56,2025-08-16
34,Freeport Indonesia requests copper concentrate export permit,Freeport has not exported any copper concentrate since its last export permit expired at the end of 2024.,https://www.mining.com/web/freeport-indonesia-requests-copper-concentrate-export-permit/,2025-02-18 00:00:00,"[""Copper""]",2025-07-01 10:07:56,2025-08-20
35,"Indonesia grants small businesses access to coal, metals mines",The government plans to issue technical regulations detailing the changes within six months.,https://www.mining.com/web/indonesia-grants-small-businesses-access-to-coal-metals-mines/,2025-02-18 00:00:00,"[""Coal""]",2025-07-01 10:07:56,2025-08-20
32,Freeport Indonesia to pay higher duties on copper concentrate exports,"Indonesia has banned exports of copper concentrate, but the government had given Freeport an extension until December last year.",https://www.mining.com/web/freeport-indonesia-to-pay-higher-duties-on-copper-concentrate-exports/,2025-02-20 00:00:00,"[""Copper""]",2025-07-01 10:07:56,2025-08-22
33,China-backed $3 billion Indonesia nickel smelter risks shutdown,PT Gunbuster Nickel Industry has slashed production and is close to shutting down completely.,https://www.mining.com/web/china-backed-3-billion-indonesia-nickel-smelter-risks-shutdown/,2025-02-20 00:00:00,"[""Nickel""]",2025-07-01 10:07:56,2025-08-22
31,Indonesia minister says Freeport can resume copper concentrate exports,The government has decided to allow exports by Freeport but would impose export duties on the shipments as a penalty.,https://www.mining.com/web/indonesia-minister-says-freeport-can-resume-copper-concentrate-exports/,2025-02-21 00:00:00,"[""Copper""]",2025-07-01 10:07:56,2025-08-23
30,New Indonesia sovereign wealth fund to invest $20 billion in projects,"Investments include more than 20 projects in nickel, bauxite and copper processing.",https://www.mining.com/web/new-indonesia-sovereign-wealth-fund-to-invest-20-billion-in-projects/,2025-02-24 00:00:00,"[""Copper"", ""Nickel"", ""Bauxite""]",2025-07-01 10:07:56,2025-08-26
29,Indonesia launches nation’s first bullion banks,Southeast Asia's largest economy is one of the world's top gold producers.,https://www.mining.com/web/president-prabowo-launches-indonesias-first-bullion-banks/,2025-02-26 00:00:00,"[""Gold""]",2025-07-01 10:07:56,2025-08-28
28,Indonesia’s nickel boom is forcing its own smelters to shut down,Advances made by Chinese firms have seen the metal being displaced by cheaper battery chemistries.,https://www.mining.com/web/indonesias-nickel-boom-is-forcing-its-own-smelters-to-shut-down/,2025-03-04 00:00:00,"[""Nickel""]",2025-07-01 10:07:56,2025-09-03
27,Indonesia issues new rule allowing mineral exports in force majeure cases,Indonesia banned exports of raw minerals in 2023 to encourage metals processing at home.,https://www.mining.com/web/indonesia-issues-new-rule-allowing-mineral-exports-in-force-majeure-cases/,2025-03-06 00:00:00,[],2025-07-01 10:07:56,2025-09-05
26,Freeport Indonesia may get 1Mt copper concentrate export quota,The company's mining operation has been reduced to 40% capacity due to a rising stockpile of copper concentrate.,https://www.mining.com/web/freeport-indonesia-may-get-1mt-copper-concentrate-export-quota/,2025-03-07 00:00:00,"[""Copper""]",2025-07-01 10:07:56,2025-09-06
25,Indonesia mulls tax hikes on miners due to budgetary pressures,Indonesia is proposing hiking royalties paid by miners in a bid to bolster public finances.,https://www.mining.com/web/indonesia-mulls-tax-hikes-on-miners-due-to-budgetary-pressures/,2025-03-10 00:00:00,[],2025-07-01 10:07:56,2025-09-09
24,Indonesian miners group urges government to reconsider royalty hike plan,"Indonesia is considering raising royalties paid by mining companies from commodities like coal, nickel, copper, gold and tin.",https://www.mining.com/web/indonesian-miners-group-urges-government-to-reconsider-royalty-hike-plan/,2025-03-11 00:00:00,"[""Copper"", ""Coal"", ""Gold"", ""Nickel"", ""Tin""]",2025-07-01 10:07:56,2025-09-10
23,Freeport Indonesia hopes to get copper export permit soon,Freeport seeks to export 1.2 million metric tons of concentrate.,https://www.mining.com/web/freeport-indonesia-hopes-to-get-copper-export-permit-soon/,2025-03-13 00:00:00,"[""Copper""]",2025-07-01 10:07:56,2025-09-12
22,Indonesia to issue Freeport Indonesia six-month permit to export copper concentrate,Freeport was forced to stop copper cathode production at its new smelter in Gresik.,https://www.mining.com/web/indonesia-to-issue-freeport-indonesia-a-six-month-permit-to-export-copper-concentrate/,2025-03-17 00:00:00,"[""Copper""]",2025-07-01 10:07:56,2025-09-16
21,"Congo plans cobalt export quotas, partnership with Indonesia to tackle glut","The quotas will be enforced in two parts, one focusing on exports and the other on local mineral transformation.",https://www.mining.com/web/congo-plans-cobalt-export-quotas-partnership-with-indonesia-to-tackle-glut/,2025-03-19 00:00:00,[],2025-07-01 10:07:56,2025-09-18
107,PERHAPI Beri Catatan terhadap Rencana Kenaikan Royalti,"""Kami pada dasarnya memahami, namun kami menyayangkan jika pemerintah tidak terlebih dahulu mengajak berdiskusi dengan kalangan pelaku industri pertambangan, terutama untuk kenaikan royalti tambang mineral seperti nikel,” tutur Ketua Perhimpunan Ahli Pertambangan Indonesia (PERHAPI) Sudirman Widhy Hartono kepada Petromindo dan Coalmetal.Asia di Jakarta. ""Dengan pengendalian produksi yang baik, akan mempu mengendalikan harga komoditi di level yang kompetitif, sehingga akan memberikan kontribusi royalti yang tinggi pula,"" ujar Widhy.",https://coalmetal.asia/article/perhapi-beri-catatan-terhadap-rencana-kenaikan-royalti,2025-03-20 12:36:00,"[""Nickel""]",2025-07-07 07:23:26,2025-09-19
110,Iftar CoalMetal Asia: Indonesia Coal Market & Price Outlook 2025,"The Ministry of Energy and Mineral Resources (ESDM) has set a 2025 coal production target of 735 million tons, with approximately 230 million tons designated for domestic use. Despite coal miners' projections of around 900 million tons for 2025 in their RKABs, the ministry's lower target is influenced by factors such as land acquisition disputes.",https://coalmetal.asia/article/iftar-coalmetal-asia-indonesia-coal-market-price-outlook-2025,2025-03-21 14:24:00,[],2025-07-07 07:23:26,2025-09-20
108,"Indika Energy Cetak Laba Bersih US$10,1 Juta pada 2024","Pada tahun 2024, kontribusi pendapatan dari sektor batubara adalah 84,7% sedangkan non-batubara sebesar 15,3%. Kideco mencatat penurunan Pendapatan yang disebabkan menurunnya harga jual batubara rata-rata Kideco di tahun 2024 menjadi sebesar US$ 59,5 per ton dibandingkan US$ 72,9 per ton pada tahun sebelumnya.",https://coalmetal.asia/article/indika-energy-cetak-laba-bersih-us101-juta-pada-2024,2025-03-28 21:15:00,"[""Coal""]",2025-07-07 07:23:26,2025-09-27
20,"Hike in Indonesia mining royalties to take effect soon, minister says",The government proposed levying royalties ranging between 14% and 19% for nickel ore.,https://www.mining.com/web/hike-in-indonesia-mining-royalties-to-take-effect-soon-minister-says/,2025-04-09 00:00:00,"[""Nickel""]",2025-07-01 10:07:56,2025-10-09
19,Deadly landslide in Indonesia’s nickel hub signals supply risk,At least two workers were killed after an accident at the Morowali Industrial Park on Sulawesi island.,https://www.mining.com/web/deadly-landslide-in-indonesias-nickel-hub-signals-supply-risk/,2025-04-14 00:00:00,"[""Nickel""]",2025-07-01 10:07:56,2025-10-14
116,PERHAPI Dorong Pemerintah Tertibkan PETI Di Kalimantan Tengah,"PERHAPI pun mendorong beberapa langkah konkrit; Pertama, penghentian langsung seluruh aktivitas PETI termasuk di Kabupaten Katingan dan Gunung Mas; Kedua; Penertiban terpadu dan berkelanjutan oleh aparat penegak hukum, Kementerian ESDM, KLHK, dan pemerintah daerah; Ketiga; penyelidikan dan penegakan hukum terhadap aktor-aktor utama di balik aktivitas ini. Selain itu, Undang-Undang Nomor 32 Tahun 2009 tentang Perlindungan dan Pengelolaan Lingkungan Hidup turut memberikan dasar hukum kuat dalam menindak pelaku perusakan lingkungan akibat aktivitas PETI.",https://coalmetal.asia/article/perhapi-dorong-pemerintah-tertibkan-peti-di-kalimantan-tengah,2025-04-14 10:36:00,"[""Coal"", ""Gold"", ""Coal""]",2025-07-07 07:23:26,2025-10-14
18,Indonesia hikes mining royalties to fund Prabowo policies,"According to a government document, a flat levy of 10% on nickel ore production will be replaced with taxes varying from 14% to 19%.",https://www.mining.com/web/indonesia-hikes-mining-royalties-to-fund-prabowo-policies/,2025-04-16 00:00:00,"[""Nickel""]",2025-07-01 10:07:56,2025-10-16
17,Indonesian nickel smelter group asks for royalty hike delay until prices rise,"Later this month, Indonesia will start imposing higher royalty fees of 14% to 19% on nickel ore output.",https://www.mining.com/web/indonesian-nickel-smelter-group-asks-for-royalty-hike-delay-until-prices-rise/,2025-04-17 00:00:00,"[""Nickel""]",2025-07-01 10:07:56,2025-10-17
114,Vale Indonesia Lakukan First-Cut di IGP Morowali,"PT Vale dan mitranya PT Petrosea Tbk memulai tahapan operasional di area PIT Royale dan dihadiri oleh CEO PT Vale, Febriany Eddy, Proyek IGP Morowali dirancang menghasilkan nikel berkadar tinggi yang sangat dibutuhkan dalam pembuatan baterai kendaraan listrik (EV), proyek ini memperkuat posisi Indonesia sebagai pusat pasokan global untuk ekosistem energi bersih.",https://coalmetal.asia/article/vale-indonesia-lakukan-first-cut-di-igp-morowali,2025-04-19 21:35:00,"[""Nickel""]",2025-07-07 07:23:26,2025-10-19
16,"India’s NMDC exploring coking coal assets in Indonesia, Australia","India, the world's second-largest producer of crude steel, meets 85% of its coking coal requirements through imports.",https://www.mining.com/web/indias-nmdc-exploring-coking-coal-assets-in-indonesia-australia-chairman-says/,2025-04-24 00:00:00,"[""Coal""]",2025-07-01 10:07:56,2025-10-24
104,Kinerja Keuangan BRMS Membaik pada Kuartal I 2025,"JAKARTA– PT Bumi Resources Minerals Tbk (IDX: BRMS) menyampaikan kinerja produksi dan keuangannya yang solid selama periode kuartal I 2025 ditopang oleh peningkatan kinerja operasional dan kenaikan harga jual emas. Charles Gobel, Direktur & Chief Financial Officer BRMS, mengatakan, ”Sepanjang periode Q1 2025, Perusahaan kami membukukan kenaikan Pendapatan, Laba Usaha, dan Laba Bersih masing – masing sebesar 212%, 453%, dan 296% dari periode yang sama ditahun lalu.",https://coalmetal.asia/article/kinerja-keuangan-brms-membaik-pada-kuartal-i-2025,2025-04-30 09:31:00,"[""Gold""]",2025-07-07 07:23:26,2025-10-30
15,Indonesia’s Danantara in talks with Eramet on nickel deal,Danantara and Eramet are looking to acquire a stake in a high pressure acid leach plant in the Weda Bay Industrial Park.,https://www.mining.com/web/indonesias-danantara-said-in-talks-with-eramet-on-nickel-deal/,2025-05-05 00:00:00,"[""Nickel""]",2025-07-01 10:07:56,2025-11-04
14,Major Indonesia nickel plant restarts after deadly landslide,The halt of the QMB plant raised concerns about near-term supply tightness but also increased scrutiny over high-pressure acid leaching.,https://www.mining.com/web/major-indonesia-nickel-plant-restarts-after-deadly-landslide/,2025-05-08 00:00:00,"[""Nickel""]",2025-07-01 10:07:56,2025-11-07
109,Tambang Batu Hijau Milik AMMAN Masuki Fase 8,"SUMBAWA BARAT– PT Amman Mineral Nusa Tenggara (AMMAN), salah satu perusahaan tambang tembaga dan emas terbesar di Indonesia, kini memasuki babak baru penambangan Fase 8 di Tambang Batu Hijau, menyusul selesainya Fase 7 di akhir 2024 lalu. Ditambah dengan upaya kami meningkatkan efisiensi dan produktivitas operasional, serta peningkatan harga komoditas, kami berhasil menambah 5 tahun usia tambang Batu Hijau.",https://coalmetal.asia/article/tambang-batu-hijau-milik-amman-masuki-fase-8,2025-05-13 20:01:00,"[""Gold"", ""Copper""]",2025-07-07 07:23:26,2025-11-12
13,Landslide at gold mine in Indonesia’s Papua kills six; 14 missing,Authorities will resume on Tuesday their search for those missing after the disaster.,https://www.mining.com/web/landslide-at-gold-mine-in-indonesias-papua-kills-six-14-missing/,2025-05-19 00:00:00,"[""Gold""]",2025-07-01 10:07:56,2025-11-18
12,Indonesian coal shipments to China slide amid new benchmark push,"Domestic prices are at four-year lows, cutting into profit for imported coal.",https://www.mining.com/web/indonesian-coal-shipments-to-china-slide-amid-new-benchmark-push/,2025-05-20 00:00:00,"[""Coal""]",2025-07-01 10:07:56,2025-11-19
11,Indonesian state miner Antam seeks $500 million syndicated loan,It would be the country’s first syndicated dollar borrowing from a state-owned enterprise this year.,https://www.mining.com/web/indonesian-state-miner-antam-seeks-500-million-syndicated-loan/,2025-05-21 00:00:00,[],2025-07-01 10:07:56,2025-11-20
10,Freeport Indonesia says Manyar smelter resumes operations after fire,The miner said its $3.7 billion copper smelter has resumed operations earlier than anticipated.,https://www.mining.com/web/freeport-indonesia-says-manyar-smelter-resumes-operations-after-fire/,2025-05-22 00:00:00,"[""Copper""]",2025-07-01 10:07:56,2025-11-21
113,Aspebindo Optimistis Ekspor Batu Bara Indonesia akan Naik di Semester II 2025,"""Meskipun global uncertainty membayangi pasar batu bara dunia, namun permintaan dari China dan India akan kembali tumbuh pada Q2 ...,"" Fathul menegaskan, ""Meskipun global uncertainty membayangi pasar batu bara dunia, namun permintaan dari China dan India akan kembali tumbuh pada Q2 karena sektor baja dan tekstil India yang terus tumbuh, serta ekonomi China yang juga positif"".",https://coalmetal.asia/article/aspebindo-optimistis-ekspor-batu-bara-indonesia-akan-naik-di-semester-ii-2025,2025-05-22 08:11:00,"[""Coal""]",2025-07-07 07:23:26,2025-11-21
9,"Indonesia sovereign wealth funds, Eramet to create nickel investment platform",Eramet is expected to provide technical expertise on mining.,https://www.mining.com/web/indonesia-sovereign-wealth-funds-and-frances-eramet-to-create-platform-to-invest-in-nickel-based-industry/,2025-05-28 00:00:00,"[""Nickel""]",2025-07-01 10:07:56,2025-11-27
111,"Dukung Hilirisasi Nikel , Danantara-INA Umumkan Kemitraan Strategis dengan Eramet","Ketua Dewan Direktur INA, Ridha Wirakusumahmenyambut positif kemitraan ini dan menyatakan bahwa Inisiatif ini merupakan langkah penting dalam memperkuat rantai pasok dan hilirisasi mineral penting Indonesia, khususnya nikel, selaras dengan fokus investasi INA di sektor mineral dan hilirisasi. “Kolaborasi strategis antara Eramet, Danantara Indonesia, dan INA memadukan keunggulan teknis serta rekam jejak global dalam pengelolaan tambang berkelanjutan dengan perancangan struktur pendanaan jangka panjang yang mendukung pertumbuhan industri.",https://coalmetal.asia/article/dukung-hilirisasi-nikel-danantara-ina-umumkan-kemitraan-strategis-dengan-eramet,2025-05-29 11:52:00,"[""Nickel""]",2025-07-07 07:23:26,2025-11-28
8,Indonesian nickel miners working to launch local metal exchange in 2026,"Since 2020, the government has banned exports of nickel ore to attract investment in smelting.",https://www.mining.com/web/indonesian-nickel-miners-working-to-launch-local-metal-exchange-in-2026/,2025-06-04 00:00:00,"[""Nickel""]",2025-07-01 10:07:56,2025-12-04
115,MMP Plans Nickel Matte Smelter Commissioning in June,"JAKARTA– PT Mitra Murni Perkasa (MMP), a subsidiary of MMS Group Indonesia (MMSGI), is set to commission its nickel matte smelter in June 2025, with production targeted to begin by September. The facility, entirely funded with 100% indonesia owned company, features Rotary Kiln Electric Furnace (RKEF) and converter technology, with a capacity of 2x48 MVA.",https://coalmetal.asia/article/mmp-plans-nickel-matte-smelter-commissioning-in-june,2025-06-04 20:35:00,"[""Nickel""]",2025-07-07 07:23:26,2025-12-04
6,Indonesia nickel firm Ceria Nugraha plans capacity expansion,"Ceria's new furnace has the capacity to produce 63,200 metric tons of ferronickel annually.",https://www.mining.com/web/indonesia-nickel-firm-ceria-nugraha-plans-capacity-expansion/,2025-06-05 00:00:00,"[""Nickel""]",2025-07-01 10:07:56,2025-12-05
7,Indonesia halts mine near dive hotspot on tourism concern,The mine in the Raja Ampat archipelago will be halted while the government investigates its impact on the area.,https://www.mining.com/web/indonesia-halts-mine-near-dive-hotspot-on-tourism-concern/,2025-06-05 00:00:00,[],2025-07-01 10:07:56,2025-12-05
5,Indonesia revokes nickel mining permits at top diving spot,"It has cancelled four out of five nickel mining permits in Raja Ampat, one of the country’s most prized diving and snorkelling destinations.",https://www.mining.com/indonesia-revokes-nickel-mining-permits-at-top-diving-spot/,2025-06-10 00:00:00,"[""Nickel""]",2025-07-01 10:07:56,2025-12-10
106,Pemerintah Cabut Empat Izin Perusahaan Tambang di Raja Ampat,"Pencabutan IUP empat perusahaan tersebut merupakan arahan langsung dari Presiden Prabowo Subianto berdasarkan keputusan Rapat Terbatas (Ratas) serta hasil koordinasi dengan Kementerian Lingkungan Hidup, Kementerian Kehutanan dan Pemerintah Daerah setempat, baik Gubenur Papua Barat Daya maupun Bupati Raja Ampat. Sesuai arahan Presiden, seluruh aktivitas pertambangan PT Gag Nikel akan diawasi dengan ketat, mulai dari Amdal, reklamasi dan dipastikan tetap menjaga kelestarian lingkungan.",https://coalmetal.asia/article/pemerintah-cabut-empat-izin-perusahaan-tambang-di-raja-ampat,2025-06-11 15:52:00,"[""Nickel""]",2025-07-07 07:23:26,2025-12-11
4,Indonesia plans to punish nickel park for alleged breaches,"Environmental violations have been found at the Indonesia Morowali Industrial Park, according to the Ministry of Environment.",https://www.mining.com/web/indonesia-plans-to-punish-nickel-park-for-alleged-breaches/,2025-06-18 00:00:00,"[""Nickel""]",2025-07-01 10:07:56,2025-12-18
3,Sale of Indonesian gold miner Archi put on hold,"Jakarta-based Rajawali, which holds a stake of about 85% in Archi, is seeking a valuation of about $1 billion.",https://www.mining.com/web/sale-of-indonesian-gold-miner-archi-put-on-hold/,2025-06-20 00:00:00,"[""Gold""]",2025-07-01 10:07:56,2025-12-20
112,Indonesia Pitches Mineral Wealth to China for Global Energy Transition,"NANNING, CHINA– Indonesia actively sought increased investment in its booming mining sector from China and other ASEAN nations at the China-ASEAN Mining Cooperation Conference, held in Nanning from May 21-23, 2025. China already stands as one of Indonesia’s largest investors in nickel and bauxite commodities, significantly boosting the fast-growing development of Indonesia’s nickel downstreaming industry.",https://coalmetal.asia/article/indonesia-pitches-mineral-wealth-to-china-for-global-energy-transition,2025-06-24 13:19:00,"[""Nickel"", ""Bauxite""]",2025-07-07 07:23:26,2025-12-24
2,"Indonesia-China lithium battery plant operational by end-2026, official says",The venture by Indonesia Battery Corp and Chinese giant CATL is part of a $6 billion power battery project signed in 2022.,https://www.mining.com/web/indonesia-china-lithium-battery-plant-operational-by-end-2026-official-says/,2025-06-29 00:00:00,[],2025-07-01 10:07:56,2025-12-29
1,Indonesia offers US critical minerals joint investment as part of tariff talks,"Indonesia's sovereign fund Danantara Indonesia will be involved in the project being offered, minister Airlangga Hartarto added.",https://www.mining.com/web/indonesia-offers-us-critical-minerals-joint-investment-as-part-of-tariff-talks/,2025-06-30 00:00:00,[],2025-07-01 10:07:56,2025-12-30
105,"BUMA Memulai Produksi di PKP, Proyek Senilai Rp12 Triliun","“Produksi ini menjadi tonggak baru dalam kemitraan jangka panjang yang kami bangun bersama PKP, yang berlandaskan kepercayaan dan tujuan bersama,"" Novraym Vianus Keriahenta Meliala, ST, Direktur SINI, menyampaikan, “Kami optimistis akan mencapai target produksi batu bara anak usaha SINI melalui kerja sama dengan BUMA,  dan akan terus  memperkuat komitmen anak usaha kami terhadap Tata Kelola Pertambangan yang Baik (Good Mining Practices), sekaligus menunjukkan eksistensi PKP sebagai salah satu anak usaha SINI yang bergerak dibidang usaha pertambangan batu bara.",https://coalmetal.asia/article/buma-memulai-produksi-di-pkp-proyek-senilai-rp12-triliun,2025-07-01 11:41:00,"[""Coal""]",2025-07-07 07:23:26,2025-12-31
101,"Indonesia plans to cut mining quota period back to one year, minister says",The move is expected to help underpin prices of coal and ores and boost government revenues.,https://www.mining.com/web/indonesia-plans-to-cut-mining-quota-period-back-to-one-year-minister-says/,2025-07-02 00:00:00,"[""Coal""]",2025-07-03 01:01:32,2026-01-01
102,MDKA Mencatat Kinerja Kuat dan Kemajuan Proyek Nikel pada Q1 2025,"Perseroan mencapai pertumbuhan yang signifikan dalam bisnis emas, mengelola tantangan operasional nikel dan tembaga secara efektif, serta mencatat kemajuan berarti dalam proyek-proyek strategis utama. PT SLNC mencatat kemajuan konstruksi sebesar 14,35% dan menargetkan komisioning pada semester kedua 2026.",https://coalmetal.asia/article/mdka-mencatat-kinerja-kuat-dan-kemajuan-proyek-nikel-pada-q1-2025,2025-07-02 09:27:00,"[""Gold"", ""Copper"", ""Nickel""]",2025-07-07 07:03:22,2026-01-01
103,Bank Mandiri dan Ceria Corp Pacu Hilirisasi Melalui Ekspor FeNi Rendah Karbon,"Proyek ekspor ini berasal dari fasilitas pengolahan nikel Smelter Rectangular Rotary Kiln Electric Furnace (RKEF) Line I milik Ceria, yang telah ditetapkan sebagai bagian dari Proyek Strategis Nasional (PSN) sekaligus Objek Vital Nasional (Obvitnas), merupakan produk Green Nickel dengan kapasitas produksi 72 MVA yang mengandung 63.200 ton ferronickel dengan kadar 22% atau setara dengan 13.900 ton logam nikel per tahun. “Dengan dukungan yang berkelanjutan dari sektor keuangan nasional, kami optimistis bahwa Indonesia akan memainkan peran sentral dalam industri baterai global.",https://coalmetal.asia/article/bank-mandiri-dan-ceria-corp-pacu-hilirisasi-melalui-ekspor-feni-rendah-karbon,2025-07-06 09:07:00,"[""Nickel"", ""Nickel""]",2025-07-07 07:03:22,2026-01-05
117,Indonesian minister seeks support to allow Amman to export copper concentrate,"Amman said in February that it had around 200,000 metric tons of concentrate inventory available for export.",https://www.mining.com/web/indonesian-minister-seeks-support-to-allow-amman-to-export-copper-concentrate/,2025-07-07 00:00:00,"[""Copper""]",2025-07-08 01:02:19,2026-01-06
118,Chinese tycoons are turning Indonesia into an aluminum giant,"This year alone, three new alumina refineries, a key part of the aluminum production process, will begin working.",https://www.mining.com/web/chinese-tycoons-are-turning-indonesia-into-an-aluminum-giant/,2025-07-10 00:00:00,[],2025-07-11 01:03:26,2026-01-09
119,Philippine miner sees surge in nickel shipments to Indonesia,Exports from the Philippines to Indonesia will likely rise to between 5 million and 10 million tons this year from around a million tons at the end of 2023.,https://www.mining.com/web/philippine-miner-sees-surge-in-nickel-shipments-to-indonesia/,2025-07-11 00:00:00,"[""Nickel""]",2025-07-12 01:05:03,2026-01-10
153,Indonesia's Mining Sector Struggles with Investment Uncertainty,"Indonesia's rich natural resources, particularly in the energy and mineral sectors, have the potential to attract significant investment and drive economic growth, but uncertainty and insecurity are deterring investors, leading to a decline in production and revenue. To address this, the government needs to create a conducive investment climate by simplifying and stabilizing regulations, ensuring fair and transparent law enforcement, and providing investment protection.",https://www.ruangenergi.com/catatan-redaksi-kepastian-dan-keamanan-berusaha-kunci-investasi-di-sektor-energi-dan-sumber-daya-mineral-indonesia/,2025-07-14 00:00:00,[],2025-08-22 03:09:44,2026-01-13
120,Indonesia looking at coal export levy to boost state coffers,"The tariff would be collected from miners only when coal prices are high, with authorities potentially including it in the 2026 budget plan.",https://www.mining.com/web/indonesia-looking-at-coal-export-levy-to-boost-state-coffers/,2025-07-15 00:00:00,"[""Coal""]",2025-07-16 01:04:29,2026-01-14
121,Vale Indonesia to seek up to $1.2 billion financing in 2026-2027,"The first round of financing, around $500 million, will likely come from bank loans in early 2026.",https://www.mining.com/web/vale-indonesia-to-seek-up-to-1-2-billion-financing-in-2026-2027-official-says/,2025-07-18 00:00:00,[],2025-07-19 01:02:52,2026-01-17
122,Indonesia mining ministry proposes 18 development projects for Danantara funding,Danantara is Indonesian President Prabowo Subianto's main vehicle to achieve his 8% economic growth target by 2029.,https://www.mining.com/web/indonesia-mining-ministry-proposes-18-development-projects-for-danantara-funding/,2025-07-22 00:00:00,[],2025-07-23 01:06:05,2026-01-21
123,Indonesia discussing strategic management of critical minerals trade,Indonesia is one of only a only a handful of countries to strike a deal with Washington to lower US tariffs.,https://www.mining.com/web/indonesia-discussing-strategic-management-of-critical-minerals-trade/,2025-07-24 00:00:00,[],2025-07-25 01:04:40,2026-01-23
124,Antareja Mahada Makmur Raih Kontrak di Tambang Nikel KES,"JAKARTA— PT Antareja Mahada Makmur (AMM), anak perusahaan dari PT Putra Perkasa Abadi (PPA), resmi ditunjuk sebagai kontraktor utama untuk proyek pertambangan nikel milik PT Kembar Emas Sultra (KES). Proyek ini akan berlangsung selama lima tahun dan dijadwalkan mulai beroperasi pada kuartal keempat tahun 2025, dengan target produksi tahunan sebesar 8 juta ton (ore barging).",https://coalmetal.asia/article/antareja-mahada-makmur-raih-kontrak-di-tambang-nikel-kes,2025-07-24 21:49:00,"[""Gold"", ""Nickel""]",2025-07-27 01:29:27,2026-01-23
125,"Nickel surpasses coal as Indonesia’s top export, Macquarie says",Earnings from overseas sales of nickel products were $16.5 billion in the first half of the year.,https://www.mining.com/web/nickel-surpasses-coal-as-indonesias-top-export-macquarie-says/,2025-08-14 00:00:00,"[""Coal"", ""Nickel""]",2025-08-15 01:02:30,2026-02-19
126,Indonesia president signals intention to go after illegal mines,Indonesia will move to “rectify” illegal mines estimated to have caused $19 billion in state losses.,https://www.mining.com/web/prabowo-signals-intention-to-go-after-illegal-mines-in-indonesia/,2025-08-15 00:00:00,[],2025-08-16 00:59:34,2026-02-19
128,APNI Successfully Holds 7th Training to Miners (TTM) 2025,"The Indonesian Nickel Miners Association (APNI) held its 7th Training to Miners (TTM) 2025, a three-day event aimed at enhancing the capacity and understanding of nickel industry players in various strategic aspects of mining. The training covered nine key topics, including RKAB 1 Year, minimum wage policy, ESG integration, and Indonesia Metals Exchange, and was attended by government representatives, academia, and industry players.",https://nikel.co.id/2025/08/20/ttm-apni-2025-resmi-digelar-dorong-tata-kelola-nikel-yang-transparan-dan-berkelanjutan/,2025-08-20 10:54:43,"[""Nickel""]",2025-08-22 03:09:44,2026-02-19
129,"Indonesian President Vows to Crack Down on Illegal Mining, Targets Elite and Officials","President Prabowo Subianto has pledged to tackle illegal mining, which has caused the state a loss of at least IDR 300 trillion, and warned that no one, including elite and officials, will be protected from the law. The government plans to establish cooperatives to legalize small-scale mining and create millions of quality jobs through investment and downstreaming of natural resources.",https://nikel.co.id/2025/08/19/presiden-prabowo-tegaskan-perang-terhadap-beking-tambang-ilegal-tidak-ada-yang-akan-saya-lindungi/,2025-08-19 20:10:56,[],2025-08-22 03:09:44,2026-02-19
130,Indonesia's Nickel Reference Price Falls Slightly in Second Half of August 2025,"The Indonesian government has set the nickel reference price at US$15.012,67 per dry metric ton for the second half of August 2025, a slight decrease from the previous period. The fluctuation in prices serves as a signal for nickel industry players to adjust their production and marketing strategies, considering the reference price is a key factor in domestic transactions and royalty calculations.",https://nikel.co.id/2025/08/18/hma-harga-nikel-turun-tipis/,2025-08-18 16:54:29,"[""Nickel""]",2025-08-22 03:09:44,2026-02-19
131,Indonesia Pushes for Nickel Hilirisasi to Boost Industry Competitiveness and Attract Investment,"The Indonesian government is emphasizing the importance of nickel hilirisasi to increase industry competitiveness and attract investment, with 18 strategic projects worth Rp500 trillion in potential investment. The government is also strengthening environmental, social, and governance (ESG) implementation in the mining sector through revised regulations and certification standards.",https://nikel.co.id/2025/08/15/wamen-esdm-tren-global-peluang-tingkatkan-daya-saing-kuasai-rantai-pasok/,2025-08-15 22:15:46,"[""Nickel""]",2025-08-22 03:09:44,2026-02-19
132,Indonesian Nickel Miners Association Supports Development of Sustainability Certification,"The Indonesian Nickel Miners Association (APNI) has expressed its readiness to support the development of sustainability certification in the mining sector to strengthen environmental, social, and governance (ESG) practices and expand access to international markets. APNI has been in discussions with global automotive producers, such as Tesla and Mercedes-Benz, to ensure that Indonesian nickel meets international ESG standards.",https://nikel.co.id/2025/08/15/tingkatkan-akses-pasar-internasional-apni-dorong-penyusunan-sertifikasi-esg-nasional/,2025-08-15 22:01:09,"[""Nickel""]",2025-08-22 03:09:44,2026-02-19
133,Aquila Nickel Group Implements Regulatory Compliance System to Strengthen Governance in Nickel Mining,"PT Bumi Konawe Minerina, a subsidiary of Aquila Nickel Group, has implemented a Regulatory Compliance System (RCS) to enhance legal compliance and governance in the nickel mining industry. The system aims to ensure timely and structured management of legal obligations, supporting the company's commitment to responsible and transparent mining practices.",https://nikel.co.id/2025/08/13/perkuat-tata-kelola-dan-kepatuhan-hukum-bumi-konawe-minerina-implementasikan-rcs-dari-hukumonline/,2025-08-13 14:27:57,"[""Nickel""]",2025-08-22 03:09:44,2026-02-19
134,Indonesian Nickel Industry Leaders Discuss Challenges and Strategies for Resilience,"Indonesian nickel industry leaders discussed the challenges of low nickel prices, global uncertainty, and the importance of sustainable investment at the 4th Nickel Producers, Processors, and Buyers Conference in Jakarta. They emphasized the need for realistic market expectations, diversification of products and markets, and responsible mining practices to ensure the long-term sustainability of the industry.",https://nikel.co.id/2025/08/12/strategi-industri-nikel-hadapi-tekanan-harga-pemimpin-industri-ungkap-arah-masa-depan-di-forum-ceo/,2025-08-12 17:53:59,"[""Nickel""]",2025-08-22 03:09:44,2026-02-19
135,SESNA Develops Renewable Energy Solutions for Nickel Smelters in Indonesia,"PT Sumber Energi Surya Nusantara (SESNA) is building a 300 MWp solar power plant to support decarbonization of nickel smelters in Indonesia, particularly in the Morowali industrial area. The project aims to reduce carbon emissions and meet global sustainability standards, with a target to start construction in September 2025.",https://nikel.co.id/2025/08/12/sesna-bangun-smelter-nikel-terbesar-ramah-lingkungan-dengan-energi-surya/,2025-08-12 12:44:06,"[""Nickel""]",2025-08-22 03:09:44,2026-02-19
136,Indonesia's Mining Sector Contributes Rp74.2 Trillion to State Revenue in H1 2025,"Indonesia's mining sector, led by nickel, contributed Rp74.2 trillion to state revenue in the first half of 2025, with the sector's overall revenue reaching Rp138.8 trillion, or 54.5% of the annual target. The government is optimistic that the target of Rp254.5 trillion can be achieved by the end of the year, driven by stable commodity prices and increased national production volume.",https://nikel.co.id/2025/08/11/dirjen-minerba-realisasi-sektor-nikel-menunjukkan-berjalan-sesuai-rencana/,2025-08-11 15:57:03,"[""Nickel""]",2025-08-22 03:09:44,2026-02-19
137,Indonesia's Energy and Mineral Sector Sees 24.1% Investment Growth in Semester I 2025,"Indonesia's energy and mineral sector has seen a significant 24.1% growth in investment in Semester I 2025, reaching US$13.9 billion, with the oil and gas subsector contributing the most at US$8.1 billion. The sector has also created 753,578 jobs and generated Rp138.8 trillion in non-tax state revenue, despite declining global commodity prices.",https://nikel.co.id/2025/08/11/investasi-esdm-semester-i-2025-tembus-us139-miliar/,2025-08-11 14:49:48,"[""Nickel"", ""Coal""]",2025-08-22 03:09:44,2026-02-19
138,"Pertamina NRE Boosts Renewable Energy Capacity, Sees 14% Increase in 1H 2025","Pertamina New & Renewable Energy (Pertamina NRE) has increased its renewable energy capacity by 14% to 2,842 MW in the first half of 2025, driven by its strategic acquisition of a 20% stake in Filipino energy company Citicore Renewable Energy Corporation (CREC). CREC's revenue grew 28% to ₱2.66 billion, with EBITDA rising 22% to ₱932 million and net profit jumping 38% to ₱630 million.",https://www.ruangenergi.com/kapasitas-pembangkit-naik-14-buah-manis-investasi-pertamina-nre-di-perusahaan-energi-filipina-crec/,2025-08-20 00:00:00,[],2025-08-22 03:09:44,2026-02-19
139,Pertamina NRE's Investment in CREC Boosts Stock Price by 30%,"Pertamina NRE's investment in CREC on June 18 was positively received by the Philippine stock market, with CREC's stock price increasing by 30% to ₱4.21 (around Rp 1,195 per share) since the start of 2025. The investment has led to a significant surge in CREC's stock value, reflecting market confidence in the partnership.",https://www.ruangenergi.com/tokcer-buah-manis-investasi-pertamina-nre-laba-bersih-crec-terbang-38-persen/,2025-08-19 00:00:00,[],2025-08-22 03:09:44,2026-02-19
140,Zulfan Zahar Elected as New Chairman of Masyarakat Energi Terbarukan Indonesia (METI),"Zulfan Zahar has been elected as the new Chairman of Masyarakat Energi Terbarukan Indonesia (METI) for the 2025-2028 period, securing 84.9% of the votes. The new leadership is expected to focus on developing human resources and promoting transparency in the renewable energy sector to support Indonesia's national energy transition goals.",https://www.ruangenergi.com/sah-zulfan-zahar-terpilih-jadi-ketum-meti-2025-2028/,2025-08-16 00:00:00,[],2025-08-22 03:09:44,2026-02-19
141,"METI Holds National Congress, Elects New Leader to Accelerate Renewable Energy Transition","The Indonesian Renewable Energy Society (METI) held its 9th National Congress, where three candidates, Norman Ginting, Suroso Isnandar, and Zulfan Zahar, are vying for the position of General Chairperson to lead the organization towards a green economy and decarbonization. The new leader is expected to bring fresh momentum to accelerate Indonesia's renewable energy transition.",https://www.ruangenergi.com/breaking-news-munas-ix-meti-bobby-gafur-umar-mundur-dari-bursa-calon-ketua-umum/,2025-08-16 00:00:00,[],2025-08-22 03:09:44,2026-02-19
142,"Indonesia's Electric Vehicle Industry Enters New Phase, Emphasizing Battery Safety and Certification","PT CARSURIN Tbk, a leading battery testing laboratory operator in Indonesia, warns the electric vehicle industry to prioritize battery safety and certification, citing the decline in electric motorcycle sales after subsidy quotas ended in 2024. The company emphasizes that investing in battery testing is crucial for long-term growth and reputation, rather than just meeting short-term regulatory requirements.",https://www.ruangenergi.com/industri-motor-listrik-diminta-siap-hadapi-era-pasca-subsidi-carsurin-uji-baterai-sekarang-atau-tertinggal-catat-itu/,2025-08-13 00:00:00,[],2025-08-22 03:09:44,2026-02-19
143,Indonesia's Carbon Economic Value: A Strategic Instrument for Industrial Transition,"The implementation of Carbon Economic Value (NEK) in Indonesia is expected to increase energy efficiency, promote the adoption of green technology, and prepare industries for international climate policies. The policy will also have a significant impact on small and medium-sized enterprises (IKM) in the industrial supply chain, encouraging them to adopt low-carbon technologies and reduce their carbon footprint.",https://www.ruangenergi.com/nilai-ekonomi-karbon-tkdn-hijau-dan-dampaknya-pada-rantai-pasok-industri-kecil-menengah-dan-rumah-tangga/,2025-08-11 00:00:00,[],2025-08-22 03:09:44,2026-02-19
144,PLN Commits to Promoting Science and Technology for Renewable Energy Development in Indonesia,"PT PLN (Persero) is committed to promoting the use of science and technology to increase the portion of new and renewable energy (EBT) in Indonesia, supporting energy self-sufficiency and national economic growth. The company is ready to collaborate with universities and research institutions to implement research results in accelerating the use of EBT in Indonesia.",https://www.ruangenergi.com/pln-siap-dorong-pemanfaatan-sains-dan-teknologi-untuk-akselerasi-ebt/,2025-08-10 00:00:00,[],2025-08-22 03:09:44,2026-02-19
145,Pertamina Develops Bioethanol from Aren Trees to Support National Energy Transition,"PT Pertamina is preparing a strategic plan to develop renewable energy through the use of aren trees as a raw material for bioethanol, with a pilot project planned in several regions in Indonesia, aiming to produce 876,000 kiloliters of bioethanol per year. This initiative is expected to become a game-changer in the national energy transition and support the country's Net Zero Emission 2060 target.",https://www.ruangenergi.com/mantab-pertamina-pelajari-potensi-bioetanol-dari-aren-di-sulawesi-targetkan-energi-bersih-dan-ekonomi-desa/,2025-08-08 00:00:00,[],2025-08-22 03:09:44,2026-02-19
152,Indonesia's Energy and Mineral Resources Sector: A Key Driver of National Development,"As Indonesia celebrates its 80th anniversary, the energy and mineral resources sector reaffirms its strategic role in driving national development, with a focus on energy transition, national energy resilience, and sustainable exploration and production. The sector's future direction will be shaped by key decisions on new work areas, fiscal policy revisions, energy integration with industry, and large-scale energy infrastructure development.",https://www.ruangenergi.com/catatan-redaksi-esdm-untuk-indonesia-emas/,2025-08-07 00:00:00,[],2025-08-22 03:09:44,2026-02-19
127,Freeport Indonesia to ramp up concentrate exports ahead of ban,The firm has exported about 65% of the quota as of mid-August.,https://www.mining.com/web/freeport-indonesias-copper-concentrate-exports-may-reach-90-of-its-quota-by-september-16-official-says/,2025-08-21 00:00:00,[],2025-08-22 03:09:44,2026-02-20
147,"PT Pertamina Gas Commits to Developing Village-Based Micro, Small, and Medium Enterprises","PT Pertamina Gas (Pertagas) has committed to developing village-based micro, small, and medium enterprises (UMKM) as part of its corporate social responsibility program, which has already benefited over 2,400 people directly and 7,500 people indirectly. The program aims to empower local communities to become economically independent and contribute to national economic growth.",https://www.ruangenergi.com/wujudkan-merdeka-ekonomi-pertagas-dorong-pengembangan-umkm-berbasis-desa/,2025-08-21 00:00:00,[],2025-08-22 03:09:44,2026-02-20
149,"MIND ID Holds MediaMIND 2025 Socialization at ITB, Fostering Innovation in Mining Sector","PT Mineral Industri Indonesia (MIND ID) held its first MediaMIND 2025 socialization event at the Institut Teknologi Bandung (ITB), attended by hundreds of students, public, and local media, aiming to provide in-depth information on the mining sector and its benefits. The event highlighted MIND ID's strategic initiatives, including optimizing natural resources while ensuring environmental and social sustainability, as seen in the post-mining program in Ombilin, which led to the site being listed as a UNESCO cultural heritage in 2019.",https://www.ruangenergi.com/sosialisasi-mediamind-itb-pastikan-manfaat-kekayaan-mineral-bagi-peradaban-indonesia/,2025-08-21 00:00:00,"[""Coal""]",2025-08-22 03:09:44,2026-02-20
154,APNI's Training to Miners 2025 Forum Educates Nickel Industry Players on Regulations and Best Practices,"The Training to Miners (TTM) 2025 forum, organized by the Indonesian Nickel Miners Association (APNI), aimed to educate nickel industry players on regulations, government policies, and current challenges in the mining sector. The three-day event featured speakers from the government, academia, and industry practitioners, providing a platform for discussion and knowledge sharing.",https://nikel.co.id/2025/08/21/hilmi-cipta-tambang-abadi-ttm-apni-2025-guidance-bagi-pelaku-usaha/,2025-08-21 11:10:09,"[""Nickel""]",2025-08-23 01:24:08,2026-02-20
178,"Indonesian Mining Industry Faces Challenges, Emphasizes Adaptation and Competency","The Indonesian mining industry is experiencing a significant slowdown due to global price dynamics and geopolitics, with nickel and coal production declining, while gold is showing a positive trend. The industry needs to adapt and improve its competency to remain competitive, with a focus on environmental, social, and governance (ESG) issues.",https://nikel.co.id/2025/08/21/prof-irwandy-industri-tambang-butuh-kompetensi-dan-strategi-hadapi-gejolak-global/,2025-08-21 15:43:32,"[""Nickel""]",2025-08-28 01:25:47,2026-02-20
146,"PT Timah's Conservation Efforts: Rehabilitating Over 1,000 Endangered Species","PT Timah, in collaboration with Alobi Foundation, has established a Wildlife Rescue Center in Pangkal Pinang, Bangka, which has successfully rehabilitated and released over 1,000 endangered species back into their natural habitats since 2018. This initiative is part of the company's environmental responsibility efforts, setting an example for other mining companies to follow.",https://www.ruangenergi.com/bukan-sekadar-tambang-pt-timah-rawat-satwa-liar-lewat-pps-alobi-mantap/,2025-08-22 00:00:00,"[""Tin""]",2025-08-22 03:09:44,2026-02-22
148,"PT Timah's New Smelter in Muntok, Bangka Belitung, Begins Operation","PT Timah's new smelter in Muntok, Bangka Belitung, with a production capacity of 40,000 tons of tin per year, has officially begun operation in January 2023 after a two-year delay due to the pandemic. The Ausmelt Furnace technology used in the smelter is more efficient and environmentally friendly, enabling the company to process low-grade tin concentrates and strengthening Indonesia's competitiveness in the global tin market.",https://www.ruangenergi.com/wow-smelter-modern-pt-timah-tbk-di-muntok-jadi-andalan-hilirisasi-timah-nasional/,2025-08-22 00:00:00,"[""Tin""]",2025-08-22 03:09:44,2026-02-22
150,Pertamina Hulu Energi Accelerates Oil and Gas Production for Indonesia's Energy Independence,"PT Pertamina Hulu Energi (PHE) is speeding up oil and gas production to ensure Indonesia's energy independence, with a current contribution of 69% to national oil production and 37% to national gas production. PHE is implementing strategies to maintain baseline production and accelerate growth through exploration, new discoveries, and technology adoption, while ensuring compliance with ESG principles.",https://www.ruangenergi.com/phe-tancap-gas-dongkrak-produksi-migas-targetkan-swasembada-energi/,2025-08-22 00:00:00,[],2025-08-22 03:09:44,2026-02-22
151,Pertamina Hulu Energi Accelerates Oil and Gas Exploration to Ensure Energy Security,"PT Pertamina Hulu Energi (PHE) is accelerating oil and gas exploration to ensure energy security in Indonesia, with a significant contribution of 69% to domestic oil lifting and 37% to national gas sales. The company is focusing on high-impact exploration, Enhanced Oil Recovery (EOR), and greenfield development to increase production, with several key projects underway.",https://www.ruangenergi.com/eksplorasi-jadi-game-changer-phe-percepat-produksi-migas-di-era-transisi-catat-ya/,2025-08-22 00:00:00,[],2025-08-22 03:09:44,2026-02-22
155,PT Timah Supports Mapur Cultural Heritage through TJSL Program,"PT Timah Tbk has launched a Tanggung Jawab Sosial dan Lingkungan (TJSL) program to preserve Mapur cultural heritage, building a traditional village, Kampung Adat Gebong Memarong, in Bangka Belitung, which has boosted the local economy and attracted tourists. The program has also provided training for local residents to become tour guides, with 2,000 tourists visiting the village every month.",https://www.ruangenergi.com/budaya-terjaga-dompet-warga-tebal-gebong-memarong-hadiah-pt-timah-untuk-bangka/,2025-08-23 00:00:00,"[""Tin""]",2025-08-23 01:24:08,2026-02-22
156,"MIND ID Develops Kalium Humat Product from Low-Calorie Coal, Boosting Agricultural Productivity by 30%","MIND ID, through its subsidiary PT Bukit Asam Tbk, has developed a kalium humat product from low-calorie coal, which can increase agricultural productivity by 30%. The product, resulting from a collaboration with Universitas Gadjah Mada, has a production capacity of 144 tons per year and is expected to support the government's national food self-sufficiency program.",https://www.ruangenergi.com/hilirisasi-batu-bara-dukung-ketahanan-pangan-tingkatkan-produktivitas-petani/,2025-08-23 00:00:00,"[""Gold"", ""Coal""]",2025-08-23 01:24:08,2026-02-22
157,Bangka Belitung to Host Indonesia's Largest Tin Smelter with $1.5-2 Billion Investment,"The province of Bangka Belitung is set to host Indonesia's largest tin smelter with an investment of Rp1.5-2 trillion (approximately $1.5-2 billion) by PT Tong Fang, a Chinese investor, which is expected to produce 300 tons of high-value tin products per month. The smelter will create jobs for around 70% of the local workforce and is expected to start operating within a year.",https://www.ruangenergi.com/babel-siap-jadi-pusat-hilirisasi-timah-investor-china-bangun-smelter-rp2-triliun-di-bangka-tengah/,2025-08-22 00:00:00,"[""Tin"", ""Sand, Stone, Gravel""]",2025-08-23 01:24:08,2026-02-22
158,ITB and IAFMI Sign MoU to Strengthen Collaboration in Oil and Gas Industry,"Institut Teknologi Bandung (ITB) and Ikatan Ahli Fasilitas Produksi Minyak dan Gas Bumi Indonesia (IAFMI) signed a Memorandum of Understanding (MoU) to enhance collaborative research and development in the oil and gas industry. The partnership aims to promote innovation, increase national capacity, and address global energy challenges.",https://www.ruangenergi.com/dari-bandung-untuk-energi-nasional-itb-iafmi-perkuat-kapasitas-industri-migas/,2025-08-23 00:00:00,[],2025-08-23 01:24:08,2026-02-22
159,"Pertamina Drilling Successfully Completes Sembakung Deep-01 Exploration Well in Nunukan, Kalimantan Utara","Pertamina Drilling's Rig PDSI#43.3/AB1500-E successfully completed the Sembakung Deep-01 exploration well, reaching a depth of over 2,100 meters and discovering new gas reserves with low CO₂ content. The well's production test on August 4, 2025, showed a promising gas flow, marking a significant achievement for Pertamina Drilling and opening up new opportunities for energy exploration in Kalimantan.",https://www.ruangenergi.com/rig-canggih-pertamina-drilling-temukan-cadangan-gas-baru-di-nunukan-luar-biasa/,2025-08-23 00:00:00,[],2025-08-23 01:24:08,2026-02-22
160,PT Pertamina International Shipping Transplants 1000 Coral Fragments in Sabang to Support Marine Biodiversity,"PT Pertamina International Shipping (PIS) has transplanted 1000 coral fragments in Sabang, Aceh, as part of its CSR program Marine BiodiverSEAty, aiming to support the creation of a healthy marine ecosystem. The program is expected to increase the productivity of the blue carbon ecosystem, with a potential carbon absorption of 0.4 tons per year.",https://www.ruangenergi.com/aksi-nyata-pis-tanam-1000-terumbu-karang-di-titik-terujung-barat-indonesia/,2025-08-23 00:00:00,[],2025-08-24 01:33:33,2026-02-22
161,PLN Nusantara Power's PIJAR GEMILANG Program Achieves Circular Economy and Sustainability,"PLN Nusantara Power's PIJAR GEMILANG program has successfully transformed waste into valuable products, including organic fertilizers, animal feed, and hydroponic products, benefiting 55 people directly and 8,803 people indirectly, while also rehabilitating 13 hectares of critical land and reducing CO₂ emissions by 75,000 kg/year. The program has received national recognition, winning the TOP CSR 2025 Bintang 5 and Circular Economy Sustainability Award (CESA) 2025.",https://www.ruangenergi.com/pln-nusantara-power-wujudkan-ekonomi-sirkular-lewat-trenggulunan-agro-view-dari-limbah-menjadi-berkah-untuk-desa/,2025-08-23 00:00:00,"[""Coal""]",2025-08-24 01:33:33,2026-02-22
164,"Pertamina Hulu Energi Revives Idle Well, Boosts National Oil Production","PT Pertamina Hulu Energi Offshore North West Java (PHE ONWJ) has successfully revived an idle well, LLE-5ST, which has been shut-in since 2012, and achieved a production rate of 2,635 barrels of oil per day (BOPD) with a water cut of 10%. The project was completed in 37 days, faster than the target of 46.2 days, and at a cost of USD 8.69 million, which is 64.66% of the approved budget.",https://www.ruangenergi.com/breaking-news-sumur-idle-hidup-kembali-produksi-2-635-bopd-di-lepas-pantai-onwj/,2025-08-23 00:00:00,[],2025-08-24 01:33:33,2026-02-22
186,APNI's Training to Miners 2025 Receives Positive Response from National Mining Industry,"The Indonesian Nickel Miners Association (APNI) held its annual Training to Miners (TTM) 2025 event, which received a positive response from national mining industry players, providing updates on industry regulations and global trends. The event aimed to enhance the competitiveness of mining companies, addressing challenges such as regulatory pressures, decreasing nickel commodity prices, and increasing production costs.",https://nikel.co.id/2025/08/22/ttm-apni-2025-dinilai-informatif-pelaku-usaha-tambang-harap-regulasi-lebih-berimbang/,2025-08-22 10:17:46,"[""Nickel""]",2025-08-29 01:24:50,2026-02-22
162,"PT Timah Tbk Struggles with Illegal Tin Mining, Calls for Regulatory Support","PT Timah Tbk, Indonesia's state-owned tin company, faces challenges in combating illegal tin mining, which has become a deeply ingrained culture in the country. The company is taking steps to address the issue, including tightening contracts with mining partners and introducing performance-based incentives, but acknowledges that regulatory support is crucial to reversing the trend.",https://www.ruangenergi.com/pareto-negatif-di-industri-timah-suhendra-yusuf-saatnya-aturan-diperketat/,2025-08-24 00:00:00,"[""Tin""]",2025-08-24 01:33:33,2026-03-01
163,PT Pertamina International EP Holds ESG Workshop to Align with Pertamina's Sustainability Path,"PT Pertamina International EP (PIEP) held a two-day ESG Workshop to align its ESG strategy with Pertamina's path towards sustainability, featuring speakers from various sectors including Pertamina, Pertamina Hulu Energi, Medco Energi, Universitas Pertamina, and Fintech Solutions. The workshop aimed to strengthen PIEP's ESG strategy in supporting Pertamina's transition to new and renewable energy.",https://www.ruangenergi.com/piep-gelar-esg-workshop-perkuat-langkah-menuju-energi-berkelanjutan/,2025-08-24 00:00:00,[],2025-08-24 01:33:33,2026-03-01
165,President Prabowo Appoints Brian Yuliarto as Head of Mineral Industry Agency,"President Prabowo Subianto has officially inaugurated Brian Yuliarto as the Head of the Mineral Industry Agency, a new institution expected to play a crucial role in Indonesia's mineral downstreaming strategy. Yuliarto, a renowned academic with expertise in nanotechnology and quantum engineering, is tasked with leading the agency, which is seen as a game-changer for Indonesia's mineral industry.",https://www.ruangenergi.com/dari-nano-ke-mineral-brian-yuliarto-resmi-nahkodai-badan-industri-mineral/,2025-08-25 00:00:00,[],2025-08-25 04:47:43,2026-03-01
166,"PGN Ensures 100% Normal Gas Supply, Boosting Industrial Operations","PT Perusahaan Gas Negara Tbk (PGN) has restored 100% normal gas supply, ensuring a stable and secure supply for industrial customers, and supporting national economic growth. The company achieved this through gas swap Natuna, optimization of gas and LNG supply, and close synergy with stakeholders.",https://www.ruangenergi.com/pasokan-gas-pgn-kembali-normal-industri-bisa-tancap-gas-lagi-mantap-kali-bah/,2025-08-25 00:00:00,[],2025-08-25 04:47:43,2026-03-01
167,Elnusa Strengthens Its Position in the Energy Sector with Aggressive Expansion Plans,"PT Elnusa Tbk, a subsidiary of PT Pertamina Hulu Energi, is taking aggressive steps to strengthen its position in the energy sector, including increasing its credit facility from PT Bank Negara Indonesia (Persero) Tbk from US$50 million to US$70 million and expanding its business lines in integrated upstream oil and gas services, energy distribution and logistics, and supporting services. The company's strategy is expected to drive growth and increase its competitiveness in the industry.",https://www.ruangenergi.com/dari-kredit-jumbo-ke-energi-berkelanjutan-cara-elnusa-jaga-kinerja-bisnis/,2025-08-25 00:00:00,[],2025-08-25 04:47:43,2026-03-01
168,Indonesia sets up new mineral industry agency to oversee rare earths development,New mineral industry agency will also oversee radioactive materials.,https://www.mining.com/web/indonesia-sets-up-new-mineral-industry-agency-to-oversee-rare-earths-development/,2025-08-25 00:00:00,[],2025-08-26 01:27:39,2026-03-01
169,Indonesian Mining Industry Embraces Sustainability and Technology,"The Indonesian mining industry is adopting sustainable practices and advanced technologies to minimize its environmental impact, with companies like Freeport Indonesia and Grup MIND ID utilizing real-time monitoring and control rooms to reduce emissions and increase efficiency. The industry is also exploring recycling and reusing of mining waste, and is expected to play a crucial role in the country's transition to renewable energy.",https://www.ruangenergi.com/hilirisasi-mineral-tetap-mampu-jaga-kelestarian-alam-indonesia/,2025-08-25 00:00:00,"[""Copper"", ""Coal""]",2025-08-26 01:27:39,2026-03-01
170,Indonesian Anti-Corruption Agency Investigates Alleged Corruption in Pertamina's Oil and Gas Sector,"The Indonesian Anti-Corruption Agency is investigating alleged corruption in Pertamina's oil and gas sector, involving eight key witnesses, including high-ranking officials from the Ministry of Energy and Mineral Resources and Pertamina. The case is estimated to have caused state losses of hundreds of trillions of rupiah.",https://www.ruangenergi.com/wow-kejagung-periksa-8-saksi-kasus-dugaan-korupsi-minyak-mentah-pertamina-termasuk-eks-dirjen-migas-dan-petinggi-skk-migas/,2025-08-26 00:00:00,[],2025-08-26 01:27:39,2026-03-01
171,Indonesia scraps coal pricing rules after pushback from buyers,Miners will now be allowed to sell below government-set benchmarks.,https://www.mining.com/web/indonesia-scraps-coal-pricing-rules-after-pushback-from-buyers/,2025-08-26 00:00:00,"[""Coal""]",2025-08-27 01:26:00,2026-03-01
172,Pertamina's Energi Negeri 8.0 Inspires Thousands of Students Across Indonesia,"Pertamina's Energi Negeri 8.0, a collaborative and inspirational movement, reached 19,152 students in 80 elementary schools across 28 cities in Indonesia, with 950 volunteers participating in the event. The program aims to inspire and educate students to become future leaders and promote ecological awareness.",https://www.ruangenergi.com/pertamina-drilling-ikut-berpatisipasi-dan-memberi-inspirasi-pada-kegiatan-pertamina-energi-negeri-8-0/,2025-08-26 00:00:00,[],2025-08-27 01:26:00,2026-03-01
173,Indonesia's Rare Earth Element Potential Remains Untapped,"Indonesia has a significant potential for Rare Earth Element (REE) production, with an estimated 52,000 tons of REE in Bangka, but the country still lacks a special mining permit for REE and investment to develop the industry. Meanwhile, China dominates the global REE market, producing 83% of the world's total REE output.",https://www.ruangenergi.com/china-kuasai-dunia-indonesia-masih-tidur-dalam-pemanfaatan-rare-earth-element/,2025-08-26 00:00:00,[],2025-08-27 01:26:00,2026-03-01
174,Indonesia Establishes New Agency to Develop Rare Earth Minerals Industry,"President Prabowo Subianto has formed the Badan Industri Mineral (BIM) to focus on developing the country's rare earth minerals industry, with 28 potential locations identified across Indonesia, and only 30% of them have been explored. The agency, led by Brian Yuliarto, aims to drive national economic growth and support the government's strategic agenda on energy security, defense, and natural resource-based industry development.",https://www.ruangenergi.com/mkei-apresiasi-langkah-presiden-prabowo-bentuk-badan-industri-mineral-mantap/,2025-08-26 00:00:00,[],2025-08-27 01:26:00,2026-03-01
175,Riau Provincial Government and PT KPI Unit Dumai Discuss Buffer Zone Development in Dumai,"The Riau Provincial Government and PT Kilang Pertamina Internasional (KPI) Unit Dumai have discussed the development of a buffer zone in Dumai, with a focus on the RT 02 area, which was initially considered affected but later deemed not affected after a Fire and Explosion Risk Assessment. The government and KPI have committed to prioritizing the safety of local residents and ensuring transparency in the development process.",https://www.ruangenergi.com/pemprov-riau-dan-pt-kpi-bahas-bufferzone-dumai-ini-hasilnya-catat-ya/,2025-08-27 00:00:00,[],2025-08-27 01:26:00,2026-03-01
176,Indonesia's RDMP Kilang Balikpapan Refinery to Start LPG Production in September,"The Refinery Development Master Plan (RDMP) Kilang Balikpapan is set to start producing LPG from its LPG Treater facility in early September, with the Residual Fluid Catalytic Cracking (RFCC) unit targeted to start production in November. The refinery, a strategic national project, aims to increase Indonesia's oil refining capacity and produce more environmentally friendly fuel.",https://www.ruangenergi.com/wow-mantap-proyek-rdmp-balikpapan-siap-produksi-lpg-september-rfcc-menyusul-november/,2025-08-27 00:00:00,[],2025-08-27 01:26:00,2026-03-01
177,Freeport Indonesia to wrap up Gresik plant repairs by early September,Freeport expects to complete early next month repair work at its JV smelter in East Java.,https://www.mining.com/web/freeport-indonesia-to-wrap-up-gresik-plant-repairs-by-early-september/,2025-08-27 00:00:00,[],2025-08-28 01:25:47,2026-03-01
179,Pertamina Supports 110 Young Innovators with IDR 3.7 Billion in Funding,"Pertamina has awarded IDR 3.7 billion in funding to 110 young innovators through its PFmuda 2025 program, which aims to support social innovation and entrepreneurship among young people. The program has received 3,485 registrations and has selected 110 proposals that address various social issues, including poverty, education, and environmental sustainability.",https://www.ruangenergi.com/perkuat-ketahanan-energi-hingga-ketahanan-pangan-pertamina-kembangkan-110-inovasi-lewat-program-pfmuda/,2025-08-27 00:00:00,"[""Gold""]",2025-08-28 01:25:47,2026-03-01
180,"Pertamina Launches Energy Education Program for 19,000 Students in 80 Schools Across Indonesia","PT Pertamina (Persero) has collaborated with the Pertamina Peduli Community to launch the Pertamina Energi Negeri (PEN) 8.0 program, educating over 19,000 students in 80 elementary schools across Indonesia. The program, themed 'Anak Hebat, Indonesia Kuat', aims to inspire young generations to contribute to the country's development and provide educational support, including school equipment and facilities.",https://www.ruangenergi.com/pertamina-energi-negeri-serentak-di-28-kota-gencarkan-edukasi-energi-untuk-19-ribu-siswa-sekolah-dasar/,2025-08-27 00:00:00,[],2025-08-28 01:25:47,2026-03-01
181,Indonesian Students Support National Mining Downstreaming Program,"Hundreds of students from nine universities in Bangka Belitung expressed their support for the national mining downstreaming program through the MediaMIND 2025 event, emphasizing the need for Indonesia to process its mineral resources domestically and export finished products to increase national revenue and strengthen the economy.",https://www.ruangenergi.com/generasi-z-bangka-belitung-lantang-saatnya-tambang-indonesia-naik-kelas/,2025-08-28 00:00:00,[],2025-08-28 01:25:47,2026-03-01
182,Pertamina Hulu Energi Accelerates Carbon Capture Utilization and Storage Project Development,"PT Pertamina Hulu Energi (PHE) is pushing forward with its Carbon Capture Utilization and Storage (CCUS) project, with 13 active projects and a potential storage capacity of 7.3 Giga Tons. The company aims to develop an integrated CCUS business model, including carbon capture, transportation, compression, and storage, to support Indonesia's goal of reducing energy emissions by 69% by 2030.",https://www.ruangenergi.com/pertamina-hulu-energi-gaspol-dorong-ccs-ccus-luar-biasa/,2025-08-28 00:00:00,[],2025-08-28 01:25:47,2026-03-01
183,Indonesian Ministry of Energy and Mineral Resources Submits 18 Names for BPH Migas Committee,"The Indonesian Ministry of Energy and Mineral Resources has submitted 18 names to the President for the BPH Migas Committee, which plays a crucial role in regulating and supervising the downstream oil and gas sector. The DPR RI will conduct a fit and proper test to determine the chairman and members of the committee for the 2025-2029 period.",https://www.ruangenergi.com/pssst-ada-info-anyar-soal-kandidat-komite-bph-migas/,2025-08-28 00:00:00,[],2025-08-28 01:25:47,2026-03-01
184,South32 sees limited risk of Indonesia replicating nickel success in alumina,"South32 reported a 75% surge in full-year profit on Thursday, helped by strong performance at its alumina division and higher commodity prices.",https://www.mining.com/web/south32-sees-limited-risk-of-indonesia-replicating-nickel-success-in-alumina/,2025-08-27 00:00:00,"[""Nickel""]",2025-08-29 01:24:50,2026-03-01
185,Illegal Mining Remains a Major Obstacle to Nickel Industry's Decarbonization,"The Indonesian Nickel Miners Association (APNI) has highlighted the persistent issue of illegal mining as a major hurdle to the implementation of Environmental, Social, and Governance (ESG) principles in the nickel industry, with 11 community members currently facing legal action for protesting against illegal mining activities. APNI has called for a more realistic approach to decarbonization, emphasizing the need to address environmental and social impacts before pursuing carbon reduction goals.",https://nikel.co.id/2025/08/27/apni-soroti-penambangan-ilegal-dalam-fgd-dekarbonisasi-industri-nikel/,2025-08-27 16:04:08,"[""Nickel""]",2025-08-29 01:24:50,2026-03-01
187,PT Pertamina International Shipping's Sustainability Efforts Gain Recognition,"PT Pertamina International Shipping (PIS) has been recognized for its significant role in promoting Indonesia's maritime industry globally, with a strong commitment to sustainability and environmental responsibility. PIS has set a target to achieve net zero carbon emissions by 2050, 10 years ahead of the Indonesian government's target, and has already reduced carbon emissions by 51,090 tons CO₂e in 2024.",https://www.ruangenergi.com/gita-wirjawan-pis-bisa-jadi-narator-keren-untuk-industri-maritim-ri-di-kancah-dunia/,2025-08-28 00:00:00,[],2025-08-29 01:24:50,2026-03-01
188,"Pertamina Supports Used Cooking Oil Collection Program in Cilacap, Reduces Environmental Pollution","PT Pertamina, through its Refinery Unit IV Cilacap, has partnered with Bank Sampah Beo Asri to collect used cooking oil, with a monthly collection volume of 175 kg, generating an annual revenue of Rp12 million. The program aims to reduce environmental pollution and promote economic empowerment among local communities.",https://www.ruangenergi.com/pertamina-berdayakan-bank-sampah-beo-asri-kelola-minyak-jelantah-hasilkan-energi-bersih-dan-sumber-ekonomi-bagi-880-warga-cilacap-selatan/,2025-08-28 00:00:00,[],2025-08-29 01:24:50,2026-03-01
189,MIND ID Strengthens Strategic Role in Building Sustainable Industrial Ecosystem through Mineral Downstreaming,"MIND ID, through PT Indonesia Asahan Aluminium (INALUM), is promoting the downstreaming of minerals, particularly bauxite, to increase the added value of domestic mineral resources, with the potential to increase the value of bauxite from $40 to $2,800. The company is also supporting the national decarbonization agenda by substituting High-Speed Diesel with Liquefied Natural Gas, reducing greenhouse gas emissions by 3,700 tCO2e per year.",https://www.ruangenergi.com/mind-id-bangun-ekosistem-industri-berkelanjutan-lewat-hilirisasi-bauksit/,2025-08-28 00:00:00,"[""Bauxite""]",2025-08-29 01:24:50,2026-03-01
190,Potential Buyers of Masela LNG Express Concerns Over Delivery Schedules,"Potential buyers of LNG from the Masela block, operated by Inpex Masela Ltd, are expressing concerns over the reliability of delivery schedules, fearing that signed contracts may be changed mid-way. The Masela block is expected to produce 9.5 million tons of LNG per year, making it a crucial project for Indonesia's energy sector.",https://www.ruangenergi.com/pembeli-lng-masela-gelisah-jangan-sampai-komitmen-berubah-di-tengah-jalan-catat-itu/,2025-08-29 00:00:00,[],2025-08-29 01:24:50,2026-03-01
191,Thousands of Community Oil Wells in Sumatra Contribute to National Production,"There are approximately 8,300 community oil wells in Sumatra, with 2,200 located in Jambi Province, contributing to national oil production. The government is currently conducting field verification to confirm the location, condition, and legal status of each well, with the aim of legalizing these wells and integrating them into the formal system.",https://www.ruangenergi.com/luar-biasa-ada-8-300-sumur-minyak-rakyat-di-sumatera-jambi-jadi-penyumbang-terbanyak/,2025-08-29 00:00:00,[],2025-08-29 01:24:50,2026-03-01
192,Pertamina Launches 'Belida Musi Lestari' CSR Program to Support Sustainable Development in South Sumatra,"Pertamina's 'Belida Musi Lestari' CSR program aims to develop an integrated and sustainable fishery area in Desa Sungai Gerong, Banyuasin, South Sumatra, and has already created 18 integrated fishery centers, benefiting 7 vulnerable groups. The program also promotes circular economy and has produced 40 nutrition-based products, supporting the local community's economic growth and environmental sustainability.",https://www.ruangenergi.com/pertamina-wujudkan-sentra-perikanan-terintegrasi-di-banyuasin-sumsel/,2025-08-29 00:00:00,[],2025-08-30 01:21:49,2026-03-01
193,Elnusa's ETSA Launches Frontliner Marine Training Program to Enhance Professionalism and Safety,"PT Elnusa Tbk's subsidiary, PT Elnusa Trans Samudera (ETSA), has launched the Frontliner Marine Training Program Batch III to equip its crew with world-class competencies and professionalism, aiming to support national energy production with a focus on safety and zero harm. The program is part of Elnusa's long-term investment in building superior human resources to maintain its competitiveness in the national and international energy industry.",https://www.ruangenergi.com/12-armada-siap-tempur-elnusa-perkuat-kru-kapal-lewat-program-pelatihan-khusus/,2025-08-30 00:00:00,[],2025-08-30 01:21:49,2026-03-01
194,Indonesia's Energy Ministry Appoints New Director General of Oil and Gas to Boost National Lifting Target,"The Indonesian Energy Ministry has appointed Laode Sulaeman as the new Director General of Oil and Gas, tasking him to boost the country's national lifting target to 605,000 barrels by 2025, up from the current 600,000 barrels. The ministry aims to achieve this goal through improved coordination and integrity among stakeholders, as well as revisions to regulations hindering production growth.",https://www.ruangenergi.com/lantik-laode-sulaeman-jadi-dirjen-migas-ini-tugas-utamanya/,2025-08-29 00:00:00,[],2025-08-30 01:21:49,2026-03-01
195,"Indonesia Sets Biodiesel Price Index at IDR 13,948 per Liter for September 2025","The Indonesian Ministry of Energy and Mineral Resources has set the Biodiesel Price Index at IDR 13,948 per liter for September 2025, effective from September 1, 2025, based on the conversion of Crude Palm Oil to biodiesel at USD 85/MT. This move is part of the implementation of the Mandatory Biodiesel Program, aiming to support the country's energy transition.",https://www.ruangenergi.com/hip-biodiesel-september-2025-ditapkan-rp-13-948-per-liter/,2025-08-30 00:00:00,[],2025-08-31 01:29:02,2026-03-01
196,PT Kilang Pertamina Internasional Supports Community Empowerment through Coconut Flour and Biscuit Training,"PT Kilang Pertamina Internasional (KPI) Unit Kasim has organized a coconut flour and biscuit training program for the Kalifiti community, aiming to empower local women and improve their economic conditions. The program, which is part of KPI's corporate social responsibility initiatives, has the potential to create a positive impact on the local economy and environment.",https://www.ruangenergi.com/pertamina-hadir-di-timur-indonesia-dorong-perempuan-adat-kasimle-dahulu-tidak-berdaya-kini-pengolah-sumber-daya/,2025-08-30 00:00:00,[],2025-08-31 01:29:02,2026-03-01
197,PHE ONWJ Boosts Oil Production by 570 BOPD at Uniform Field,"PT Pertamina Hulu Energi Offshore North West Java (PHE ONWJ) has successfully increased oil production by 570 barrels per day (BOPD) at the Uniform Field, exceeding the initial target of 276 BOPD. The achievement was made possible through the development of the UA-9 well, which was completed in just 24 days with a cost of USD 6.15 million, 60% below the approved budget.",https://www.ruangenergi.com/keajaiban-di-laut-jawa-sumur-ua-9-phe-onwj-tembus-570-bopd/,2025-08-30 00:00:00,[],2025-08-31 01:29:02,2026-03-01
198,Indonesia Ketapang Classic 2025: Fostering Cross-Border Collaboration in the Oil and Gas Industry,"The Indonesia Ketapang Classic 2025 golf tournament brought together oil and gas industry players from Indonesia and Malaysia, promoting cross-border collaboration and networking in a relaxed atmosphere. The event, themed 'Nurturing Network', saw participants from both countries sharing experiences and exploring business opportunities, highlighting the importance of collaboration in the high-risk, high-investment oil and gas industry.",https://www.ruangenergi.com/golf-jadi-jembatan-kolaborasi-migas-indonesia-malaysia-di-ketapang-classic-2025/,2025-08-30 00:00:00,"[""Gold""]",2025-08-31 01:29:02,2026-03-01
201,"Indonesia's Nickel Industry Faces Trilemma in Implementing Environment, Social and Governance Standards","The Indonesian nickel industry is expected to face a trilemma of global demand, community price, and Environment, Social and Governance (ESG) standards, with companies such as PT Vale Indonesia and Ceria Corp already implementing ESG standards and remaining profitable. The industry is working towards a sustainable future, with a focus on research and development, human resource improvement, and collaboration between government, associations, and businesses to achieve a low-carbon footprint.",https://nikel.co.id/2025/08/28/trilema-jadi-tantangan-industri-nikel-dalam-penerapan-standar-esg/,2025-08-28 12:03:50,"[""Nickel""]",2025-09-02 01:20:22,2026-03-01
216,Indonesia Strengthens Inclusive and Sustainable Development Agenda Through Indonesia Energy & Engineering Series 2025,"The Indonesia Energy & Engineering Series 2025, a multi-sector industry exhibition, aims to promote sustainability and industrial transformation, featuring over 2,000 participants from 42 countries and showcasing innovations in energy, infrastructure, and technology. The event supports the country's commitment to Net Zero Emission 2060 and highlights the importance of hilirisasi and efisiensi industri in achieving a green economy.",https://nikel.co.id/2025/08/28/iee-series-2025-dorong-hilirisasi-industri-nze-hadirkan-pameran-multi-sektor-terbesar-se-asia-tenggara/,2025-08-28 13:05:15,[],2025-09-07 01:12:48,2026-03-01
231,Presiden: Tertibkan Tambang Ilegal Tanpa Pandang Bulu,"Sektor pertambangan menjadi andalan pendapatan negara,"" ujar Bahlil. Kementerian ESDM melalui Direktorat Jenderal Penegakan Hukum menegaskan akan menindaklanjuti instruksi Presiden tersebut.",https://coalmetal.asia/article/presiden-tertibkan-tambang-ilegal-tanpa-pandang-bulu,2025-08-26 09:51:00,[],2025-09-12 08:40:50,2026-03-01
199,Vale Indonesia Commits to Sustainable Mining Practices and Environmental Conservation,"Vale Indonesia has made significant progress in its sustainability efforts, having reclaimed 3,800 hectares of land in Sulawesi and planted 5 million trees, while also reducing its reliance on fossil fuels through the use of renewable energy sources, including three hydroelectric power plants with a total capacity of 365 MW. The company's commitment to environmental conservation and sustainability is reflected in its reduction of greenhouse gas emissions by 838,000 tons of CO₂ equivalent from 2022 to 2024, exceeding its target of 711,000 tons.",https://www.ruangenergi.com/vale-indonesia-perkuat-komitmen-pertambangan-berkelanjutan/,2025-08-31 00:00:00,"[""Nickel""]",2025-09-01 01:20:16,2026-03-08
200,"Global Nickel Prices Remain Stable, Mixed Hydroxide Precipitate Sees Significant Increase","The Indonesia Nickel Price Index reported stable prices for most nickel products, with the exception of Mixed Hydroxide Precipitate, which saw a significant increase of $97 per metric ton to $12,883 per metric ton. The stability in nickel prices reflects a balance between global supply and demand, while the surge in MHP prices is driven by growing demand from the Asian battery industry for electric vehicles.",https://nikel.co.id/2025/09/01/inpi-harga-produk-nikel-stabil-mhp-naik-us-97-per-metrik-ton/,2025-09-01 14:30:41,"[""Nickel""]",2025-09-02 01:20:22,2026-03-08
202,Pengeboran Sumur GGNB-S17 Menghasilkan Potensi Produksi Minyak dan Gas yang Signifikan,"Pengeboran sumur GGNB-S17 yang dimulai pada 20 Agustus 2025 telah membuahkan hasil positif dengan potensi produksi sementara sebesar 776,16 barel minyak per hari dan 2,8 juta standar kaki kubik gas per hari. Uji produksi ini menunjukkan aliran hidrokarbon yang diperoleh secara natural dengan bean choke 64/64, menandakan prospek yang cerah untuk produksi minyak dan gas di lokasi ini.",https://www.ruangenergi.com/good-news-dari-tuban-pertamina-ep-bor-sumur-gegunung-hasilkan-776-barel-minyak-per-hari/,2025-09-01 00:00:00,[],2025-09-02 01:20:22,2026-03-08
203,Asosiasi Penambang Nikel Indonesia Releases Nickel Price Reference for September 2025,"The Indonesian Nickel Miners Association (APNI) has announced a decrease in the Nickel Price Reference (HMA) for the period of September 2025, with a price of US$ 14.899,64 per dry metric ton. The association also provided detailed pricing for nickel ore with varying moisture content and nickel grades, ranging from US$ 26.34 to US$ 43.80 per wet metric ton.",https://nikel.co.id/2025/09/01/apni-rilis-hma-nikel-awal-september-2025-turun-jadi-us-14-89964-per-dmt/,2025-09-01 15:09:55,"[""Nickel""]",2025-09-03 01:06:35,2026-03-08
204,Indonesian Nickel Mining Industry Faces Challenges with B40 Implementation and Decreasing Nickel Prices,"The Indonesian nickel mining industry is experiencing significant challenges due to the implementation of B40, with production costs increasing by 3-5% and nickel prices reaching a 10-year low of $15,000 per metric ton. The Indonesian Nickel Miners Association (APNI) is calling for a comprehensive evaluation of the B40 policy, citing concerns over supply chain disruptions, decreased profit margins, and reduced tax revenues.",https://nikel.co.id/2025/09/02/apni-soroti-dampak-implementasi-b40-terhadap-industri-nikel-dalam-fgd-ebtke/,2025-09-02 13:44:01,"[""Nickel""]",2025-09-04 01:07:20,2026-03-08
205,"PT Bukit Makmur Mandiri Utama announces the issuance of its third rupiah conventional bond, Obligasi III BUMA Tahun 2025, with a principal value of up to Rp1.4 trillion","PT Bukit Makmur Mandiri Utama has announced the issuance of its third rupiah conventional bond, Obligasi III BUMA Tahun 2025, with a principal value of up to Rp1.4 trillion to be used for debt repayment, capital expenditure, and working capital. The bond issuance is part of the company's strategy to diversify its funding sources, reduce risks, and strengthen its financial resilience to support its long-term growth in the mining sector.",https://www.ruangenergi.com/buma-tawarkan-obligasi-rp14-triliun-untuk-perkuat-struktur-permodalan-dan-ekspansi-tambang/,2025-09-03 00:00:00,[],2025-09-04 01:07:20,2026-03-08
206,Kementerian ESDM Allocates Rp8.117 Trillion for Energy Infrastructure Development and Mining Sector Enhancement in 2025,"The Ministry of Energy and Mineral Resources has allocated Rp8.117 trillion for energy infrastructure development, including Rp2.9 trillion for gas network expansion and Rp460 billion for solar power plant construction, aiming to enhance energy accessibility and security. The budget also covers initiatives such as education and training programs, with Rp165.6 billion allocated for vocational training in the energy and mining sector, as well as mitigation and disaster management efforts.",https://www.ruangenergi.com/plts-jargas-dan-hilirisasi-program-prioritas-esdm-di-2025-senilai-rp81-triliun/,2025-09-04 00:00:00,[],2025-09-04 01:07:20,2026-03-08
207,Indonesia's Energy Policy Requires Long-Term Planning to Avoid Crisis and Ensure Sustainability,"Indonesia's energy policy has been criticized for being driven by political motives rather than careful calculation, leading to inconsistent decisions that can have long-term negative impacts on the economy and environment. The government must prioritize data-driven, sustainable, and consistent policies to ensure a stable energy supply, protect the environment, and maintain the country's competitiveness.
}",https://www.ruangenergi.com/catatan-redaksi-jangan-main-main-dengan-energi-salah-kebijakan-panjang-urusan-catat-itu/,2025-09-03 00:00:00,"[""Nickel"", ""Coal""]",2025-09-04 01:07:20,2026-03-08
208,"Indonesia’s illegal mining crackdown facing structural hurdles, BMI says","Indonesia’s plans to seize more than 1,000 illegal mining sites starting this month are unlikely to deliver ""meaningful environmental gains"", the Fitch Solutions company says.",https://www.mining.com/indonesias-illegal-mining-crackdown-facing-structural-hurdles-bmi-says/,2025-09-03 00:00:00,[],2025-09-05 01:08:25,2026-03-08
209,Indonesia Aims to Dominate Global Nickel Industry with Strategic Management and Increased Production,"Indonesia has the potential to become a major player in the global nickel industry, with over 700 million tons of nickel reserves and 54 smelter facilities, and is expected to produce 414,000 tons of nickel this year. However, the industry faces challenges such as reliance on imports and high production costs, and the government is urged to provide strategic solutions to maintain competitive pricing and support the growth of the domestic industry.",https://nikel.co.id/2025/09/03/apni-soroti-tantangan-dan-peluang-industri-nikel-di-aeis-2025/,2025-09-03 17:39:36,"[""Nickel""]",2025-09-05 01:08:25,2026-03-08
210,Indonesian Government Evaluates B40 Biodiesel Program Implementation with Mining Industry Stakeholders,"The Indonesian government, through the Directorate General of New, Renewable, and Energy Conservation, held a discussion on the implementation of the 40% biodiesel program in the industrial sector, which has increased production costs in the nickel mining sector by 3-5%. The evaluation aims to find solutions to ensure the program's sustainability, considering factors such as global commodity prices and the potential impact of the upcoming B50 program.",https://nikel.co.id/2025/09/02/evaluasi-implementasi-b40-di-sektor-industri-dirjen-ebtke-dorong-solusi-bersama-apni-minta-libatkan-asosiasi/,2025-09-02 15:44:02,"[""Nickel""]",2025-09-05 01:08:25,2026-03-08
211,Kilang Pertamina Internasional Exceeds Operational Targets in First Semester 2025,"Kilang Pertamina Internasional (KPI) has surpassed its operational targets for the first semester of 2025, processing approximately 159 million barrels of crude oil and achieving an 84% yield of valuable products. The company has also reduced its cumulative emissions by 205,000 tons of CO2 equivalent, exceeding its initial target of 157,000 tons, and has improved its energy efficiency with an Energy Intensity Index (EII) of 105, lower than its target of 107.",https://www.ruangenergi.com/kilang-pertamina-lampaui-target-operasional-di-semester-pertama-2025-pacu-pemenuhan-bbm-nasional/,2025-09-04 00:00:00,[],2025-09-05 01:08:25,2026-03-08
212,Anglo-Peabody mine tussle leaves Indonesian mining firm seeking new coal assets,"PT Buma Internasional is still on the hunt for coal assets, as uncertainty lingers about its planned purchase of a stake in the Dawson project.",https://www.mining.com/web/anglo-peabody-mine-tussle-leaves-indonesian-mining-firm-seeking-new-coal-assets/,2025-09-05 00:00:00,"[""Coal""]",2025-09-06 01:07:01,2026-03-08
213,"Sulawesi Tenggara Students Attend Leadership Training, Learn About Region's Nickel Mining Potential","A group of students from Sulawesi Tenggara attended a leadership training in Bogor, where they learned about their region's potential as a major nickel producer, with the area being the largest nickel producer in Indonesia and the world. The students emphasized the importance of improving local human resources to manage the region's natural wealth, including nickel, which is a key component in electric vehicle batteries.",https://nikel.co.id/2025/09/01/mahasiswa-asal-sultra-ikut-bina-akrab-di-bogor-soroti-nikel-dan-harapan-untuk-daerah/,2025-09-01 15:26:32,"[""Nickel""]",2025-09-06 01:07:01,2026-03-08
214,PT Bukit Asam's Desa Impian Program Empowers Local Economy Through 'Local Heroes' Approach,"PT Bukit Asam's Desa Impian program has successfully empowered local economies by transforming non-productive land into integrated agricultural centers, with 80 beneficiaries and a collective annual turnover of Rp3.05 billion. The program has also reduced illegal mining practices, created new job opportunities, and promoted eco-friendly technologies, such as solar-powered irrigation systems, resulting in a significant reduction of 2.28 tons of CO₂ emissions per year.",https://www.ruangenergi.com/ketika-mantan-penambang-ilegal-jadi-pahlawan-desa-wow-keren/,2025-09-06 00:00:00,[],2025-09-06 01:07:01,2026-03-08
215,"Menteri Lingkungan Hidup praises PT Vale Indonesia's progressive and sustainable environmental investment, citing its rehabilitation efforts and 3R waste management principles.","PT Vale Indonesia has reclaimed 3,800 hectares of land in Sulawesi, planted over 5 million trees, and operated three hydroelectric power plants with a total capacity of 365 MW, minimizing its reliance on fossil fuels. The company has also successfully utilized 100% of its non-B3 waste, demonstrating its commitment to environmental sustainability and responsible mining practices.",https://www.ruangenergi.com/investasi-lingkungan-progresif-dari-mind-id-group-diharapkan-jadi-barometer-sektor-pertambangan/,2025-09-04 00:00:00,"[""Gold"", ""Nickel""]",2025-09-06 01:07:01,2026-03-08
219,Indonesia Emphasizes Collaboration and Regional Strategy to Boost Electric Vehicle Ecosystem in Southeast Asia,"The 2nd Automotive Electrical Indonesia Summit highlighted the importance of collaboration, regional strategy, and innovation in boosting Indonesia's electric vehicle ecosystem, with experts emphasizing the need for standardized policies and international cooperation to support the growth of the industry. Indonesia is poised to become a major player in the regional electric vehicle market, with its large market size and abundant nickel resources, but requires strategic investments and sustainable business models to achieve this goal.",https://nikel.co.id/2025/09/04/kolaborasi-regional-jadi-kunci-pengembangan-ekosistem-ev-asean/,2025-09-04 17:02:19,"[""Nickel""]",2025-09-09 01:08:30,2026-03-08
220,Nickel Industries Ltd. Expands into Class 1 Nickel Production to Support Electric Vehicle Battery Development,"Nickel Industries Ltd. has begun operating a project to produce class 1 nickel, a key component in electric vehicle batteries, with plans to integrate it with the local steel and metal industry and achieve commercial production by early 2026. The company's strategy aims to strengthen Indonesia's position in the global electric vehicle supply chain and support the world's energy transition efforts.",https://nikel.co.id/2025/09/04/nickel-industries-produksi-nikel-kelas-1-telah-dimulai-2023/,2025-09-04 15:24:40,"[""Nickel""]",2025-09-09 01:08:30,2026-03-08
226,Sumur Migas Tua Bisa Disulap Menjadi Sumber Listrik Ramah Lingkungan Melalui Teknologi Pembangkit Listrik Tenaga Panas Bumi,"Pakar migas dan panas bumi, Rudi Rubiandini, menyatakan bahwa sumur-sumur tua yang masih menyimpan panas bumi bisa disulap menjadi sumber listrik ramah lingkungan lewat teknologi Pembangkit Listrik Tenaga Panas Bumi (PLTP) dengan konsep geothermal co-production. Indonesia dan India menjajaki peluang kerja sama untuk mengadaptasi teknologi ini, dengan potensi besar untuk mengkonversi ribuan sumur migas tua menjadi sumber energi hijau.",https://www.ruangenergi.com/tim-itb-terbang-ke-india-cari-cara-ubah-sumur-migas-jadi-mesin-listrik-hijau/,2025-09-03 00:00:00,[],2025-09-12 01:06:49,2026-03-08
217,BPMA Proposes New Initiatives for 2026 to Boost National Oil and Gas Development and Support Energy Transition,"The Badan Pengelola Migas Aceh (BPMA) has proposed new initiatives for 2026, including a Rp3.9 billion allocation for exploration development in the North Sumatra Basin and Sibolga Basin, and a Rp4.5 billion allocation for monitoring and evaluating Carbon Capture Storage (CCS) and Carbon Capture Utilization and Storage (CCUS) in Aceh. These initiatives aim to accelerate national oil and gas development, support the energy transition agenda, and reduce carbon emissions in line with Indonesia's net zero emission target by 2060.",https://www.ruangenergi.com/bpma-siapkan-langkah-strategis-2026-eksplorasi-migas-ccs-masuk-pn/,2025-09-07 00:00:00,[],2025-09-07 01:12:48,2026-03-15
218,Indonesia’s Merdeka says its gold subsidiary will launch $300M IPO,Its flagship mine in Pani Mountain in Sulawesi is estimated to have 7 million ounces of gold resources.,https://www.mining.com/web/indonesias-merdeka-copper-gold-says-its-subsidiary-will-launch-300-million-ipo/,2025-09-08 00:00:00,"[""Gold""]",2025-09-09 01:08:30,2026-03-15
221,Asosiasi Penambang Nikel Indonesia emphasizes the importance of enforcing Harga Patokan Mineral in domestic nickel ore transactions to ensure compliance with regulations,"The Asosiasi Penambang Nikel Indonesia (APNI) has stressed the need for strict monitoring of Harga Patokan Mineral (HPM) implementation in domestic nickel ore sales, despite existing regulations since 2020, to prevent irregular transactions. APNI aims to enhance its members' understanding of marketing strategies and industry governance to support the sustainability of Indonesia's nickel sector amidst global competition.",https://nikel.co.id/2025/09/08/apni-pentingnya-pengawasan-pelaksanaan-hpm-dalam-transaksi-penjualan-nikel/,2025-09-08 17:34:27,"[""Nickel""]",2025-09-10 01:07:44,2026-03-15
222,"Mubadala Energy Aims to Repeat Success in Aceh, Indonesia, Following Significant Gas Discoveries in the Andaman Region","Mubadala Energy, a UAE-based energy company, is seeking to replicate its success in the Andaman region, where it discovered 8 trillion cubic feet of gas-in-place, in Aceh, Indonesia, with the potential to turn the region into a new epicenter for gas production. The company's plans, supported by the UAE Ambassador to Indonesia, Abdulla Salem Al Dhaheri, could lead to significant investments and the development of new gas fields in Aceh, boosting the region's energy production and revenue.",https://www.ruangenergi.com/mubadala-energy-dan-mimpi-besar-aceh-menuju-episentrum-migas-nasional-saatnya-diproduksi/,2025-09-10 00:00:00,[],2025-09-10 01:07:44,2026-03-15
223,Warga Binaan Lapas Nusakambangan Menghasilkan Produk Konstruksi dari Limbah Batu Bara dengan Nilai Ekonomi,"Warga binaan Lapas Nusakambangan telah menghasilkan produk konstruksi seperti batako, paving block, roaster, dan buis beton dari limbah batu bara dengan kapasitas produksi hingga 2 juta paving block dan 1 juta batako per tahun, berpotensi menghasilkan omzet hingga Rp5,4 miliar per tahun. Program ini merupakan kolaborasi antara Kementerian Imigrasi dan Pemasyarakatan dengan PT PLN dan telah melibatkan 30 warga binaan yang telah aktif dan terampil memproduksi olahan limbah batu bara.",https://www.ruangenergi.com/wajah-baru-nusakambangan-warga-binaan-makin-berdaya-dengan-faba/,2025-09-10 00:00:00,"[""Coal""]",2025-09-11 01:08:53,2026-03-15
224,"Nickel shortage, higher costs pinch Indonesian producers",Permitting issues are a key reason for the ore scarcity.,https://www.mining.com/nickel-shortage-higher-costs-pinch-indonesian-producers/,2025-09-11 00:00:00,"[""Nickel""]",2025-09-12 01:06:49,2026-03-15
225,PT Bintang Delapan Mineral Reklamasi Lahan Pascatambang Seluas 1.337 Hektare di Morowali,"PT Bintang Delapan Mineral (BDM) telah melakukan reklamasi lahan pascatambang seluas 1.337 hektare di wilayah izin usaha pertambangan (IUP) Morowali, Sulawesi Tengah, sejak 2010 hingga 2025, dengan tingkat kelangsungan hidup tanaman mencapai 75%-80%. Reklamasi ini dilakukan sebagai bentuk tanggung jawab perusahaan dalam menjaga keseimbangan lingkungan pascapenambangan serta pemulihan fungsi ekologi tanah, dan telah direalisasikan pada 950 ha lahan dengan penanaman sekitar 625 bibit per ha.",https://nikel.co.id/2025/09/08/bintang-delapan-mineral-reklamasi-1-337-ha-lahan-pascatambang-di-morowali/,2025-09-08 11:04:52,"[""Nickel""]",2025-09-12 01:06:49,2026-03-15
227,"ANTAM's Profitability Surges 240% in the First Semester of 2025, Driven by Strong Gold and Nickel Performance","PT Aneka Tambang Tbk (ANTM) reported a 240% increase in profitability in the first semester of 2025, driven by strong performance in gold and nickel, with gold sales rising 163% to Rp49.54 trillion. The company's EBITDA also increased significantly by 194% to Rp7.11 trillion, reflecting the implementation of its strategy to strengthen its domestic customer base and effective business strategies.",https://www.ruangenergi.com/lonjakan-laba-antam-prospek-saham-grup-mind-id-makin-solid-didukung/,2025-09-11 00:00:00,"[""Nickel""]",2025-09-12 01:06:49,2026-03-15
228,"Pertamina Develops Green Hydrogen Pilot Plant in Ulubelu, Lampung, to Support Indonesia's Energy Transition and Reduce Carbon Emissions","Pertamina has invested $3 million in the development of a Green Hydrogen Pilot Plant in Ulubelu, Lampung, which is expected to create new job opportunities, reduce carbon emissions, and support Indonesia's energy transition goals. The project is part of Pertamina's strategy to develop a green hydrogen ecosystem, with plans to expand to other geothermal working areas and explore the production of green ammonia and green methanol.",https://www.ruangenergi.com/green-hydrogen-ulubelu-ciptakan-serapan-tenaga-kerja-dan-investasi-energi-bersih/,2025-09-11 00:00:00,[],2025-09-12 01:06:49,2026-03-15
229,ANTAM Catat Lonjakan Laba di Semester I 2025,"Pertumbuhan laba terutama ditopang oleh kontribusi signifikan dari segmen nikel serta logam mulia dan pemurnian. Dari sisi operasional, penjualan komoditas nikel (feronikel dan bijih nikel) naik 125% menjadi Rp7,87 triliun dibandingkan Rp3,50 triliun pada 1H24.",https://coalmetal.asia/article/antam-catat-lonjakan-laba-di-semester-i-2025,2025-09-12 10:19:00,"[""Nickel""]",2025-09-12 08:40:50,2026-03-15
230,ITMG Optimistis Penuhi Target 2025,"Meski membukukan kinerja baik di sisi produksi dan penjualan, pendapatan Perusahaan di sepanjang semester pertama 2025 tercatat sebesar $919 juta, atau terkoreksi sebesar 12%, akibat penurunan harga jual rata-rata batubara (ASP) sebesar 19%. Pada pilar bisnis energi terbarukan, khususnya energi berbasis surya, kapasitas terkontrak menunjukkan pertumbuhan signifikan dalam kurun empat tahun.",https://coalmetal.asia/article/itmg-optimistis-penuhi-target-2025,2025-09-12 09:49:00,"[""Coal""]",2025-09-12 08:40:50,2026-03-15
232,Indonesia cites lack of forestry permits in land seizures from nickel miners,"President Prabowo Subianto said last week that more than 1,000 illegal mining operations were identified.",https://www.mining.com/web/indonesia-cites-lack-of-forestry-permits-in-land-seizures-from-nickel-miners/,2025-09-12 00:00:00,"[""Nickel""]",2025-09-13 01:00:30,2026-03-15
233,Nickel price gains after Indonesia seizes part of giant mine,A government task force took control on Thursday of about 148 hectares of the operation owned by PT Weda Bay Nickel.,https://www.mining.com/web/nickel-price-gains-after-indonesia-seizes-part-of-giant-tsingshan-mine/,2025-09-12 00:00:00,"[""Nickel""]",2025-09-13 01:00:30,2026-03-15
234,Indonesia’s United Tractors seeks expansion with gold miner acquisition,Indonesian heavy machinery distributor PT United Tractors is acquiring a 100% stake in PT Arafura Surya Alam.,https://www.mining.com/web/indonesias-united-tractors-seeks-expansion-with-gold-miner-acquisition/,2025-09-15 00:00:00,"[""Gold""]",2025-09-16 01:03:31,2026-03-22
235,Gold miner seeks $284 million in largest Indonesia IPO this year,"PT Merdeka Gold Resources will offer 1.62 billion shares, or a 10% stake.",https://www.mining.com/web/gold-miner-seeks-284-million-in-largest-indonesia-ipo-this-year/,2025-09-16 00:00:00,"[""Gold""]",2025-09-17 01:03:55,2026-03-22
236,"Antam Posts 240% Surge in 1H 2025 Net Profit, Nickel Segment Drives Record Sales and ESG Milestones","PT Antam’s first‑half 2025 net profit jumped 240% to Rp5.14 trillion, largely thanks to a nickel boom that delivered Rp3.53 trillion in profit, 125% sales growth to Rp7.87 trillion, and 9.10 Mt of ore production, while gold sales rose 163% to Rp49.54 trillion. The company also advanced its ESG agenda with a 2030 decarbonization roadmap, 75% land rehabilitation, and a new alumina smelter project in Mempawah, positioning Antam as a leading Indonesian mining player.",https://nikel.co.id/2025/09/16/nikel-dorong-lonjakan-laba-pt-antam-240-pada-semester-i-2025/,2025-09-16 15:16:36,"[""Nickel""]",2025-09-17 01:03:55,2026-03-22
237,"Indonesia Nickel HPM Climbs to $15,000.33/dmt in September 2025","Indonesia's Association of Nickel Miners (APNI) reported that the benchmark price for nickel (HPM) rose to US$15,000.33 per dry metric ton in the second September 2025 period, up from US$14,899.64 in the first period, while FOB prices for 1.60% Ni ore ranged from US$28.56 to US$26.52 per wet metric ton depending on moisture content. The increase reflects a positive global market trend and is expected to support investment climate, fairness, and transparency in the domestic nickel industry.",https://nikel.co.id/2025/09/15/harga-patokan-nikel-naik-jadi-us-15-00033-per-dmt-pada-september-periode-ii/,2025-09-15 13:34:33,"[""Nickel""]",2025-09-17 01:03:55,2026-03-22
238,Merdeka Gold set for debut after Indonesia’s largest IPO of year,Merdeka raised 4.66 trillion rupiah ($281 million) by selling a 10% stake in the IPO.,https://www.mining.com/web/merdeka-gold-set-for-debut-after-indonesias-largest-ipo-of-year/,2025-09-22 00:00:00,"[""Gold""]",2025-09-23 01:13:18,2026-03-29
239,"PT Timah Tbk Reports 32% Drop in Tin Ore Production, Seeks DPR Support to Overcome Regulatory Hurdles","During a Rapat Dengar Pendapat on 22 September 2025, PT Timah Tbk disclosed a 32% YoY fall in tin ore production to 6,997 t Sn and a 19% decline in revenue to Rp4.22 trillion, while average selling price rose 8% to USD 32,816 per metric ton. The company outlined plans to open new mines in Beriga, Rias and Laut Oliver, expand its fleet of 60 production barges, launch a CSR‑driven cooperative program, and requested the DPR VI to expedite regulations for illegal‑mining reclamation, downstream processing, and zoning adjustments to restore output.",https://www.ruangenergi.com/tins-paparkan-rencana-strategis-di-tengah-penurunan-laba-minta-dukungan-dpr-atasi-masalah-hilirisasi/,2025-09-22 00:00:00,"[""Tin""]",2025-09-23 01:13:18,2026-03-29
240,Freeport mine setback risks fraying relations with Indonesia,Grasberg has long been a flashpoint as Jakarta tries to gain a greater say over its resources.,https://www.mining.com/web/freeport-grasberg-setback-risks-fraying-relations-with-indonesia/,2025-09-25 00:00:00,[],2025-09-26 01:13:51,2026-03-29
241,Indonesia halts Grasberg operations to search for trapped workers,Two workers have died and five remain missing following a large mudflow earlier this month.,https://www.mining.com/indonesia-halts-grasberg-operations-to-search-for-trapped-workers/,2025-09-26 00:00:00,[],2025-09-27 01:11:50,2026-03-29
242,Indonesia’s Coal Industry Remains Strategic Pillar Amid Production Peak and Clean‑Energy Transition Plans,"Indonesia’s coal production peaked at 836 Mt in 2024, with a 2025 target of 739 Mt and 68 % realized so far, while the sector contributes roughly Rp250 trillion to national revenue, including PNBP and taxes. The government is boosting clean‑energy use and downstream value‑addition—projecting smelter consumption to rise from 5 Mt to over 60 Mt and developing DME, methanol, and other coal‑derived products to support a more sustainable, low‑carbon coal strategy.",https://www.ruangenergi.com/di-forum-coaltrans-asia-2025-pemerintah-tegaskan-peran-strategis-batubara/,2025-09-27 00:00:00,"[""Coal""]",2025-09-28 01:25:23,2026-03-29
243,"APNI Releases Indonesia Nickel Price Index: Stable Prices, MHP Declines","APNI’s latest Indonesia Nickel Price Index shows most nickel products remain stable, with 1.2% ore at US$23/mt and 1.6% ore at US$52.15/mt, while nickel pig iron and high‑grade matte prices are unchanged; however, the key battery‑grade MHP fell by US$7/mt to US$13,145/mt, signalling a potential dip in global battery raw‑material demand amid the EV boom.",https://nikel.co.id/2025/09/22/apni-rilis-harga-nikel-domestik-per-september-2025-produk-mhp-turun-us7-per-ton/,2025-09-22 14:37:44,"[""Nickel""]",2025-09-30 01:16:05,2026-03-29
247,"Indonesia Secures 64% of Global Nickel Production, Calls for Consistent Regulation to Sustain Downstream Growth","Indonesia now controls about 64% of worldwide nickel output, with 424 mining firms and 163 processing plants—including 55 active in pyro‑metallurgy and HPAL—according to APNI Secretary General Meidy Katrin Lengkey at the ICMMS 2025 summit. She urged the government to maintain stable, investor‑friendly regulations to support downstream sectors such as stainless steel and battery manufacturing, warning that sudden policy shifts could hinder investment and national revenue.",https://nikel.co.id/2025/09/26/sekum-apni-indonesia-kuasai-produksi-nikel-dunia-tapi-perlu-regulasi-konsisten/,2025-09-26 13:00:25,"[""Nickel""]",2025-10-02 01:21:46,2026-03-29
265,PT Merdeka Gold Resources raises IDR 4.66 trillion in IPO to fund its Pani Gold Project,"Gold – PT Merdeka Gold Resources issued 1.62 billion new shares (10% of capital) at Rp2,880 each, raising IDR 4.66 trillion for working capital, loan repayment and development of the Pani Gold Project, which holds an estimated 7 million ounces of gold and targets a peak output of 500,000 ounces per year with first production slated for Q1 2026. The IPO was fully subscribed, reflecting strong market confidence in the company’s growth prospects.",https://coalmetal.asia/article/merdeka-gold-resources-himpun-dana-rp466-triliun-dari-ipo,2025-09-25 06:05:00,"[""Gold""]",2026-02-18 11:09:16,2026-03-29
244,Freeport-McMoRan still in talks with Indonesia over Grasberg mine rights,PT Freeport Indonesia is 51% owned by Indonesia's government but operated by Freeport.,https://www.mining.com/web/freeport-mcmoran-still-in-talks-with-indonesia-over-grasberg-mine-rights-company-says/,2025-09-30 00:00:00,[],2025-10-01 01:22:36,2026-04-05
245,"Freeport will divest 12% of local arm to Indonesia, CNBC says",The divestment is part of an agreement to extend the company’s license to operate the Grasberg mine.,https://www.mining.com/web/freeport-will-divest-12-of-local-arm-to-indonesia-cnbc-says/,2025-09-30 00:00:00,[],2025-10-01 01:22:36,2026-04-05
246,Indonesia’s Merdeka starts mining at Pani gold project,"The company aims to produce 140,000 ounces of gold annually.",https://www.mining.com/web/indonesias-merdeka-gold-resources-starts-mining-at-pani-gold-project/,2025-10-01 00:00:00,"[""Gold""]",2025-10-02 01:21:46,2026-04-05
248,Freeport Indonesia says search for five trapped Grasberg workers still ongoing,The incident has caused a jump in global copper prices.,https://www.mining.com/web/freeport-indonesia-says-search-for-five-trapped-grasberg-workers-still-ongoing/,2025-10-02 00:00:00,"[""Copper""]",2025-10-04 01:17:58,2026-04-05
249,Indonesia expects deal soon with Freeport-McMoRan on divestment plan,"Last week, Freeport declared force majeure at Grasberg after torrential mudslides that killed two workers.",https://www.mining.com/web/indonesia-expects-deal-soon-with-freeport-mcmoran-on-divestment-plan/,2025-10-01 00:00:00,[],2025-10-05 01:26:38,2026-04-05
253,"Indonesia Nickel Prices Rise in Early October 2025, APNI Calls for Market‑Reflective Adjustments","The price of nickel in the first half of October 2025 climbed to US$15,101.67 per dmt, up from US$15,000.33 in the second half of September, according to APNI’s release. APNI praised the transparency of the calculation formula but urged the government to adjust the benchmark to better reflect market realities, especially for low‑grade domestic miners, while highlighting price variations across grades and moisture contents.",https://nikel.co.id/2025/10/03/apni-rilis-kenaikan-harga-mineral-acuan-nikel-minggu-pertama-oktober-2025/,2025-10-03 17:09:47,"[""Nickel""]",2025-10-08 01:16:39,2026-04-05
254,Merdeka Battery Materials Sees 78% YoY Surge in Nickel Ore Production Despite 32% Revenue Drop,"In the first half of 2025, Merdeka Battery’s nickel ore output jumped 78% to 6.9 Mt wmt, driven by 45% growth in limonite and 189% in saprolite, while its nickel pig iron production fell 23% to 33,045 t due to RKEF smelter maintenance, yet cash costs dropped below $10k/ton. The company also sold 9,465 t of mixed hydroxide precipitate via HPAL Train A, advanced a 90,000 t/yr HPAL plant to 29% completion, and is building two feed preparation plants and a slurry pipeline to support future supply chain optimization, with EBITDA at $77 M despite a 8% YoY decline.",https://nikel.co.id/2025/10/03/merdeka-battery-catat-lonjakan-penjualan-bijih-nikel-di-paruh-pertama-2025/,2025-10-03 16:16:41,"[""Nickel""]",2025-10-08 01:16:39,2026-04-05
250,Column: Tin breaks higher as Indonesia cracks down on illegal miners,"The tin market is once again bubbling on supply chain trouble, this time in Indonesia.",https://www.mining.com/web/column-tin-breaks-higher-as-indonesia-cracks-down-on-illegal-miners/,2025-10-05 00:00:00,"[""Tin""]",2025-10-06 01:15:08,2026-04-12
251,Indonesia hands over six seized tin smelters to state miner,"Among the assets seized was PT Refined Bangka Tin, once one of the largest private players in the sector.",https://www.mining.com/web/indonesia-hands-over-six-seized-tin-smelters-to-state-miner/,2025-10-06 00:00:00,"[""Tin""]",2025-10-07 01:14:34,2026-04-12
252,"Indonesia Issues New Mining Regulation to Expand Access for SMEs, Cooperatives, and Religious Organizations","The government issued PP 39/2025, a second amendment to PP 96/2021, to accelerate inclusion of SMEs, cooperatives, and religious organizations in mining and downstream activities, allowing priority allocation of up to 2,500 ha for SMEs and 25,000 ha for larger entities. The regulation also permits use of by‑product radioactive minerals as new energy sources, prioritizes domestic demand and value‑added processing, and revises license renewal terms to extend up to 10 years for integrated operations, with a one‑year grace period for expired permits.",https://www.ruangenergi.com/telah-terbit-peraturan-pemerintah-pp-nomor-39-tahun-2025-begini-isinya-ya/,2025-10-06 00:00:00,[],2025-10-07 01:14:34,2026-04-12
255,Central Omega Resources Reports Record Production and Profit Surge in H1 2025,"PT Central Omega Resources Tbk reported a 140% jump in nickel ore production to 1.73 Mt and a 159% rise in sales to 1.83 Mt in the first half of 2025, driving net profit to Rp310.3 bn and EBITDA to Rp481.4 bn. The company attributes the surge to the full resumption of mining operations under a new 2024 RKAB, remains optimistic for the rest of 2025 amid stable global nickel prices, but cautions about potential US tariff uncertainties while pursuing new reserves and operational efficiencies.",https://nikel.co.id/2025/10/07/produksi-dan-laba-melejit-pt-central-omega-resources-catat-kinerja-gemilang-di-semester-i-2025/,2025-10-07 13:47:11,"[""Nickel""]",2025-10-11 01:17:26,2026-04-12
259,"LiuGong Indonesia Announces $317 Million Heavy‑Equipment Plant in Karawang, Targeting 5,000 Units Annually by 2030","LiuGong Indonesia has signed a memorandum of understanding to build a $317 million heavy‑equipment manufacturing facility in Karawang Barat, with operations slated to begin in 2026 and a projected annual output of 5,000 units by 2030, supported by advanced AGV and MES technologies. The plant will boost Indonesia’s heavy‑equipment industry, aim for a five‑year TKDN certification, and generate up to US$40 million in foreign‑exchange exports to Southeast Asia, Australia and North America.",https://coalmetal.asia/article/liugong-indonesia-akan-bangun-pabrik-alat-berat-di-karawang,2025-10-10 19:30:00,"[""Gold""]",2025-10-19 02:08:38,2026-04-12
260,PT Petrosea Tbk Signs $26.2M EPC Agreement with Pakistan's Reko Diq Mining Company,"PT Petrosea Tbk has signed a Limited Notice to Proceed with its wholly‑owned subsidiary Petrosea Solutions Pakistan for a US$26.2 million EPC contract to build foundations and infrastructure for the Reko Diq gold and copper mine in Pakistan, with a 10‑month completion timeline. The deal marks the company’s expansion of its EPC services and client base beyond Indonesia, reinforcing its diversified growth strategy.",https://coalmetal.asia/article/petrosea-akan-mulai-proyek-epc-di-reko-diq-mining-company-pakistan,2025-10-08 10:52:00,"[""Gold"", ""Copper""]",2025-10-19 02:08:38,2026-04-12
256,Supply problems may force Freeport Indonesia to halt Manyar smelter,The $3.7 billion Manyar smelter only resumed operations in May after a fire broke out in October last year.,https://www.mining.com/web/supply-problems-may-force-freeport-indonesia-to-halt-manyar-smelter/,2025-10-14 00:00:00,[],2025-10-15 01:14:00,2026-04-19
257,Indonesian tin miner eyes mining asset in Canada,Arsari Tambang says it will take advantage of an economic partnership deal signed with Canada last month to invest in a mining asset there.,https://www.mining.com/web/indonesian-tin-miner-eyes-mining-asset-in-canada/,2025-10-15 00:00:00,"[""Tin""]",2025-10-16 01:13:33,2026-04-19
258,"Indonesia Launches Minerba Convex 2025, Emphasizing Sustainable Mining, Digitalization, and Local IUP Redistribution","The inaugural Minerba Convex 2025 forum in Jakarta, attended by over 6,000 participants, highlighted Indonesia’s push for sustainable mining through digital integration with the new Minerba One app, a $40 billion nickel export surge, and a PNBP contribution of Rp654 trillion from 2019‑2024. The event also underscored the government's commitment to redistribute mining permits to local UMKM and BUMD, suspend 190 IUPs pending reclamation guarantees, and invest Rp24 trillion in community development via the PPM program.",https://nikel.co.id/2025/10/15/minerba-convex-2025-dibuka-dorong-pertambangan-inklusif-dan-berkelanjutan-melalui-inovasi-dan-kolaborasi/,2025-10-15 16:45:50,"[""Nickel""]",2025-10-17 01:13:22,2026-04-19
261,"Supreme Energy inaugurates first production well for 80 MW Muara Laboh Unit 2 geothermal plant in Solok Selatan, Sumatra Barat","Supreme Energy (joint venture with Sumitomo and INPEX) inaugurated the first production well of the 80 MW Muara Laboh Unit 2 geothermal power plant in Solok Selatan, Sumatra Barat, with the governor noting a Rp30 billion per‑year profit‑sharing deal and 85 % local workforce. The plant, expected to be operational by end‑2027 under a PPA with PLN, will supply electricity to roughly 435,000 households, boost the renewable‑energy mix and avoid about 460,000 t of CO₂ emissions annually.",https://www.ruangenergi.com/supreme-energy-dan-sejuta-asa-dari-solok-selatan-sumatera-barat/,2025-10-16 00:00:00,[],2025-10-20 01:41:55,2026-04-19
263,"Harita Nickel posts Rp22.40 trillion Q3 2025 revenue, advances IRMA audit and expands 40 MW solar and new smelter capacity","Harita Nickel reported Q3 2025 revenue of Rp22.40 trillion and is the first Indonesian miner undergoing a full IRMA audit that reviews more than 30,000 employees and contractors. The company also progressed its 40 MWp solar installation on Obi Island to 38% completion and its third Rotary Kiln Electric Furnace (RKEF‑3) to 44% of phase 3 (91% of phase 2), targeting an annual production capacity of 185,000 tonnes of nickel in ferronickel.",https://coalmetal.asia/article/harita-nickel-tumbuh-konsisten-dengan-komitmen-keberlanjutan-yang-kuat,2025-10-31 19:32:00,"[""Nickel""]",2026-02-18 11:09:16,2026-05-03
264,Gold: PT Bumi Resources Minerals posts 69% revenue jump and 25% production rise in 9M 2025 while scaling CIL capacity and preparing underground mine.,"PT Bumi Resources Minerals (BRMS) posted 9M 2025 revenue of $183 million (+69%), operating profit $69 million (+144%) and net profit $37 million (+129%) while gold output rose 25% to 56,552 oz (up from 45,366 oz) and average gold price increased 34% to $3,156/oz. The company is expanding CIL capacity from 500 t/d to 2,000 t/d (first plant) and operating a second CIL at 4,500 t/d, targeting a combined 6,000 t/d by late‑2026, advancing push‑back work at River Reef (Q4 2025‑Q1 2026) and underground mine development with a 350 m decline, aiming for 68,000‑71,000 oz gold in 2025 and higher production from 3.5‑4.9 g/t ore from mid‑2027.",https://coalmetal.asia/article/laba-bersih-brms-tumbuh-sebesar-129-per-september-2025,2025-10-29 11:44:00,"[""Gold"", ""Sand, Stone, Gravel""]",2026-02-18 11:09:16,2026-05-03
295,"Indonesia's Energy Ministry Backs Amman Mineral's 480,000 Dry Metric Ton Copper Concentrate Exports","Indonesia's energy ministry has backed Amman Mineral Internasional to export 480,000 dry metric tons of copper concentrate for six months from October 31, allowing mining operations to continue and preventing concentrate storage facilities from exceeding capacity. This decision follows temporary operational halts at Amman's smelter in July and August due to damage, with repairs projected to finish in the first half of 2026, though Amman still needs to secure an export permit from the trade ministry.",https://www.mining.com/web/indonesias-amman-mineral-moves-a-step-closer-to-getting-export-permit/,2025-11-01 00:00:00,[],2026-02-18 14:48:03,2026-05-03
293,"Freeport Indonesia's Grasberg Copper and Gold Mine Receives Improvement Recommendations Following Mud Flow Investigation, Grasberg Block Cave Restart Projected for 2026","Freeport Indonesia has concluded its investigation into the fatal September 8 mud flow at its Grasberg copper and gold mine complex, which killed seven workers and involved 800,000 metric tons of wet material, receiving improvement recommendations from the government. Parent Freeport-McMoRan reported that Big Gossan and Deep Mill Level Zone mines restarted in late October, with a phased restart and ramp-up of the Grasberg Block Cave (representing 70% of Freeport Indonesia’s estimated copper and gold output through 2029) expected in 2026.",https://www.mining.com/web/freeport-indonesia-says-investigation-concluded-on-grasberg-incident/,2025-11-07 00:00:00,[],2026-02-18 14:48:03,2026-05-10
294,Indonesia Halts New Nickel Plant Permits for Intermediate Products to Boost Downstream Processing,"Indonesia, the world's largest nickel producer accounting for approximately 60% of global supply, has ceased approving new industrial permits for nickel plants producing intermediate products such as nickel pig iron, matte, and mixed hydroxide precipitate, unless there are plans for further processing. This regulatory decision, a renewed push to move further up the value chain, is expected to force new entrants to invest in additional downstream capacity, potentially leading to project delays and cancellations, with Citigroup Inc. analysts noting it addresses Indonesia's persistent oversupply and might affect plants completing after 2027.",https://www.mining.com/web/indonesia-limits-new-nickel-permits-to-add-value-to-production/,2025-11-06 00:00:00,"[""Nickel""]",2026-02-18 14:48:03,2026-05-10
292,Indonesia to Implement 7.5%-15% Gold Export Tax Next Year,"Indonesia will implement gold export taxes of 7.5% to 15% next year, with lower rates for processed goods and higher rates for gold dore, particularly when global prices are at or above $3,200 per troy ounce. This policy, currently being finalized, aims to encourage domestic processing and capture windfall profits, as Indonesia's gold exports hit $1.64 billion for the first nine months of 2025, up from $1.1 billion last year, with spot gold trading above $4,000 per ounce.",https://www.mining.com/web/indonesia-plans-taxes-of-up-to-15-on-gold-exports-from-2026/,2025-11-17 00:00:00,[],2026-02-18 14:48:03,2026-05-24
290,Indonesia Nickel Plant Cuts Production Due to Full Tailings Site,"PT QMB New Energy Materials Co. Ltd., a majority Chinese-owned nickel and cobalt producer at Indonesia’s Morawali Industrial Park, is cutting production for at least two weeks as its tailings site is nearly full, with paperwork for a new location still processing. This highlights the industry's growing waste management challenge, particularly concerning the high waste volumes from the HPAL method, which faces increased local scrutiny, sustainability questions in the tropical archipelago, and a history of incidents including a deadly landslide at QMB's site earlier this year.",https://www.mining.com/web/major-indonesia-nickel-plant-cuts-output-as-waste-piles-up/,2025-11-24 00:00:00,"[""Nickel""]",2026-02-18 14:48:03,2026-05-31
291,Freeport Indonesia Cuts Grasberg Copper and Gold Production Plans Following Fatal Accident,"Freeport Indonesia cut its 2026 production plans for the Grasberg mine, the world's second-largest copper and largest gold mine, following a fatal September accident and mud flow at its Grasberg Block Cave (GBC) operation. The company now projects 2026 output of 478,000 metric tons of copper cathode and 26 tons of gold (down from ~700,000 tons copper and ~45 tons gold), with GBC targeting Q1 2026 operation and full recovery in 2027, while expecting $8.3 billion in sales next year and a 18% revenue decline in 2025 despite 30% lower copper and 50% lower gold sales volumes due to higher prices.",https://www.mining.com/web/freeport-indonesia-cuts-2026-output-plan-in-talks-with-amman-for-concentrate-supply/,2025-11-24 00:00:00,[],2026-02-18 14:48:03,2026-05-31
